Fournisseur,Produit,Prix Unitaire (€),Quantité,Prix Total (€),code_ape,Catégorie
Apple,"iPad Pro 13 pouces Wi-Fi 256 Go (Noir sidéral)",1429,2,2858,70.21Z,Autres
Apple,"iPad mini Wi-Fi + Cellular 128 Go (Gris sidéral)",809,1,809,70.21Z,Autres
Apple,"Studio Display - Verre standard - Support ajustable",1749,3,5247,59.11B,Production & Média
Apple,"Mac mini",799,1,799,70.21Z,Autres
Apple,"MacBook Pro M4 Pro (12-Core CPU, 16-Core GPU, 512GB SSD)",1999,1,1999,70.21Z,Autres
Apple,"MacBook Pro M4 Pro (14-Core CPU, 20-Core GPU, 1TB SSD)",2399,1,2399,70.21Z,Autres
Apple,"Magic Keyboard pour iPad Pro 13 pouces (M4)",429,1,429,70.21Z,Autres
Apple,"Bracelet Milanais en titane naturel 49 mm",149,1,149,62.01Z,Autres
Apple,"Coussinet du cache anti-lumière pour Apple Vision Pro",39,1,39,70.21Z,Autres
Apple,"Câble de charge USB-C 240 W (2 m)",35,1,35,62.01Z,Autres
Apple,"Housse de transport Belkin pour Apple Vision Pro",149,1,149,70.21Z,Autres
Apple,"Boîtier de transport pour Apple Vision Pro",99,1,99,70.21Z,Autres
Apple,"AirPods Max - Orange",629,1,629,70.21Z,Autres
Apple,"iPhone 16 Pro Max 256 Go (Titane sable)","",4,"",62.01Z,Autres
Apple,"Chargeur MagSafe (1 m)",45,1,45,62.01Z,Autres
Apple,"Câble de charge USB-C 60 W (1 m)",25,1,25,62.01Z,Autres
Apple,"Adaptateur secteur USB-C 30 W",39,1,39,62.01Z,Autres
Apple,"Coque Lumen Series d'OtterBox pour AirTag (lot de 4)",59,1,59,62.01Z,Autres
Apple,"Protection AirTag avec cordon de Belkin (lot de 4)",39,1,39,62.01Z,Autres
Apple,"Apple Pencil Pro","",1,"",62.01Z,Autres
Apple,"Apple Pencil (USB-C)",119,2,238,62.01Z,Autres
Apple,"HomePod - Minuit",349,1,349,62.01Z,Autres
Apple,"Magic Keyboard avec Touch ID pour Mac (Français)",159,1,159,70.21Z,Autres
Apple,"Magic Keyboard avec Touch ID pour Mac (Russe)",159,1,159,70.21Z,Autres
Apple,"Smart Folio pour iPad Pro 13 pouces (M4) - Denim",119,1,119,70.21Z,Autres
DJI,Ronin 4D-8K,12758.0,1,12758.0,59.11B,Autres
DJI,Care Pro (DJI Ronin 4D-8K),1449.0,1,1449.0,59.11B,Autres
DJI,Plaque d’extension DJI Ronin 4D,529.0,1,529.0,59.11B,Autres
DJI,DJI Ronin 4D Flex,949.0,1,949.0,59.11B,Autres
DJI,DJI PROSSD 1TB,749.0,1,749.0,62.01Z,Autres
DJI,Écran sans fil haute luminosité DJI,1299.0,1,1299.0,62.01Z,Autres
DJI,Transmetteur vidéo DJI Ronin 4D,349.0,1,349.0,59.11B,Autres
DJI,Batterie intelligente TB50,199.0,1,199.0,62.01Z,Autres
DJI,"Objectif Canon RF-S 3,9 mm F3,5 STM Dual Fisheye Noir",1299.0,1,1299.0,59.11B,Autres
Tenba,Trolley 638-714 série Roadie Roller 24,450.0,1,450.0,62.01Z,Autres
Tilta,Camera Cage for DJI Ronin 4D Flex Basic Kit,339.0,1,339.0,59.11B,Production & Média
Tilta,Lightweight Shoulder Rig – Black,339.0,1,339.0,62.01Z,Autres
Tilta,500G Counterweight – Black,25.0,1,25.0,62.01Z,Autres
Shure,MV7 Microphone pour podcast,280.0,1,280.0,59.11B,Autres
Shure,Stem Control Touch Controller,1569.0,1,1569.0,70.22Z,Autres
Shure,Bundle Écouteurs SE215 True Wireless 2e Génération,265.0,1,265.0,62.01Z,Autres
Shure,Bundle Écouteurs SE215 UNI True Wireless 2e Génération,309.0,1,309.0,62.01Z,Autres
Shure,Kit Écouteurs Aonic 3 True Wireless Gen 2,399.0,1,399.0,62.01Z,Autres
Shure,Kit Écouteurs Aonic 4 True Wireless Gen 2,519.0,1,519.0,62.01Z,Autres
Shure,Kit Écouteurs Aonic 5 True Wireless Gen 2,729.0,1,729.0,62.01Z,Autres
Shure,Bundle SE846 UNI True Wireless Fit 2e Génération,1189.0,1,1189.0,62.01Z,Autres
Shure,MoveMic Two Receiver Kit,539.0,1,539.0,59.11B,Autres
Shure,P3TRA215CL Wireless Personal Monitor System Set,1039.0,1,1039.0,70.21Z,Autres
DJI,Transmission Combo (émetteur & écran-récepteur),2299.0,1,2299.0,62.01Z,Autres
Tilta,CT12 75mm Cine Fluid Head with 2-Stage One Touch Carbon Fiber Tripod Legs (12KG),1199.0,1,1199.0,59.11B,Autres
Tilta,ARCA Manfrotto Dual Quick Release Receiver Kit for CT08,92.0,1,92.0,62.01Z,Autres
Tilta,Accessory Mounting Expander for DJI Osmo Pocket 3 – Black,32.0,1,32.0,62.01Z,Autres
Rode,CasterVideo Console de production vidéo et audio,1199.0,1,1199.0,59.11B,Production & Média
DJI,Objectif DL 35 mm F2.8 LS ASPH pour Zenmuse X7 et X9,1499.0,1,1499.0,59.11B,Autres
DJI,Objectif DL 50 mm F2.8 LS ASPH pour Zenmuse X7 et X9,1348.92,1,1348.92,59.11B,Autres
DJI,Objectif DL PZ 17-28mm f/3.0 ASPH pour Ronin 4D,1759.0,1,1759.0,59.11B,Autres
DJI,Ronin 4D Flex,949.0,1,949.0,59.11B,Autres
DJI,Avata 2 Fly More Combo avec radiocommande 3 DJI FPV,1148.0,1,1148.0,62.01Z,Autres
DJI,Mic 2 (1 RX + 2 TX + étui de recharge),349.0,1,349.0,59.11B,Autres
Tilta,Right Side Flag for MB-T06,48.0,1,48.0,62.01Z,Autres
Tilta,Top Flag Part Only for MB-T03 and MB-T05,60.0,1,60.0,62.01Z,Autres
Tilta,"4 x 4"" Filter Tray for MB-T03 and MB-T05",60.0,1,60.0,59.11B,Autres
Tilta,Flag Set for MB-T03,200.0,1,200.0,62.01Z,Autres
Tilta,Left Side Flag for MB-T06,48.0,1,48.0,62.01Z,Autres
Tilta,Fabric Lens Donut for MB-T05 & MB-T03 Matte Boxes,24.95,1,24.95,59.11B,Autres
Tilta,Donut Ring Part Only for replacement on MB-T03 and MB-T05 Matte Boxes,19.95,1,19.95,59.11B,Autres
Tilta,4x5.65 Carbon Fiber Matte Box (Swing-away),869.0,1,869.0,59.11B,Autres
Fnac,Appareil Photo Hybride Canon EOS R5 Noir,3799.0,1,3799.0,62.01Z,Autres
Fnac,Beastgrip Pro,134.95,1,134.95,62.01Z,Autres
Beastgrip,Beastgrip ND8 Neutral Density Filter,18.95,1,18.95,59.11B,Autres
Beastgrip,Beastgrip ND4 Neutral Density Filter,18.95,1,18.95,59.11B,Autres
Beastgrip,Beastgrip ND2 Neutral Density Filter,18.95,1,18.95,59.11B,Autres
Beastgrip,Beastgrip Pro Series Black Mist Filter,52.95,1,52.95,59.11B,Autres
Beastgrip,Beastgrip Pro Series CPL Filter,71.95,1,71.95,59.11B,Autres
Beastgrip,Beastgrip Pro Series Variable ND Filter,76.95,1,76.95,59.11B,Autres
Beastgrip,Pro Series - Macro Lens,114.95,1,114.95,59.11B,Autres
Beastgrip,Pro Series 1.33X Anamorphic Lens MK2,191.95,1,191.95,59.11B,Autres
Beastgrip,Pro Series 1.55X Anamorphic Lens MK2,201.95,1,201.95,59.11B,Autres
Beastgrip,Pro Series 1.7X Telephoto Lens,201.95,1,201.95,59.11B,Autres
Beastgrip,Beastgrip x Kenko Pro Series 0.75X Wide Angle Lens,201.95,1,201.95,59.11B,Autres
Ziyan UAS,Tri-sensor Camera,960.0,1,960.0,59.11B,Production & Média
Ziyan UAS,Smart Battery (small),124.0,1,124.0,62.01Z,Autres
Ziyan UAS,Megaphone Attachment,899.0,1,899.0,62.01Z,Autres
Ziyan UAS,Smart Battery (large),178.0,1,178.0,62.01Z,Autres
Ziyan UAS,Shadow S3 UAV,13900.0,1,13900.0,62.01Z,Autres
Ziyan UAS,Five sets (assorted accessories),636.0,1,636.0,62.01Z,Autres
Thom Browne,California Sunbounce Pro (6×4),24.0,1,59.11B,2024-11-17,2024-11-17,1.0,Actif,Autres
PDMovie,Spigen Ultra Hybrid MagFit for iPhone 16 Pro Max,22.99,1,59.11B,2024-11-17,2024-11-17,1.0,Actif,Informatique
KaYoTom,Order of the Day - Seating Plan,255.0,1,59.11B,2024-11-17,2024-11-17,1.0,Actif,Autres
Flightory,Quote Wedding Welcome Sign,95.0,1,59.11B,2024-11-17,2024-11-17,1.0,Actif,Autres
Spigen,Rectangle Seating Plan,150.0,1,59.11B,2024-11-17,2024-11-17,1.0,Actif,Autres
Rose Signage,Diamond Pen Various Colours,4.99,1,59.11B,2024-11-17,2024-11-17,1.0,Actif,Autres
Neewer,Wedding Welcome Sign - Rectangle,85.0,1,59.11B,2024-11-17,2024-11-17,1.0,Actif,Autres
Rosco,Acrylic Table Numbers,14.0,1,59.11B,2024-11-17,2024-11-17,1.0,Actif,Autres
Ninja,A5 Card & Gifts Sign,25.99,1,59.11B,2024-11-17,2024-11-17,1.0,Actif,Autres
CloudRC,Acrylic Top Square Velvet Ring Box,25.99,1,59.11B,2024-11-17,2024-11-17,1.0,Actif,Accessoires
Xiaomi,Rectangle Acrylic Place Names,2.0,1,59.11B,2024-11-17,2024-11-17,1.0,Actif,Autres
Brother,X3 Glitter Tapes - Polaroid Guestbooks,7.0,1,59.11B,2024-11-17,2024-11-17,1.0,Actif,Autres
Apple,Mr & Mrs Cake Topper,25.0,1,59.11B,2024-11-17,2024-11-17,1.0,Actif,Autres
HoldX,Cake Sign,25.99,1,59.11B,2024-11-17,2024-11-17,1.0,Actif,Autres
Thom Browne,Oval Acrylic Place Names,2.7,1,59.11B,2024-11-17,2024-11-17,1.0,Actif,Autres
PDMovie,Silk Faille Vest,1570.0,1,59.11B,2024-11-17,2024-11-17,1.0,Actif,Autres
KaYoTom,Twill Bow Tie,240.0,1,59.11B,2024-11-17,2024-11-17,1.0,Actif,Autres
Flightory,Twill Classic Backstrap Trousers,1230.0,1,59.11B,2024-11-17,2024-11-17,1.0,Actif,Autres
Spigen,Black 3-Ply Wool Mohair Overcoat,2470.0,1,59.11B,2024-11-17,2024-11-17,1.0,Actif,Production Vidéo
Rose Signage,Twill Tipping Classic Vest,1210.0,1,59.11B,2024-11-17,2024-11-17,1.0,Actif,Autres
Ninja,Live Air 3 Smart,199.0,1,59.11B,2024-11-17,2024-11-17,1.0,Actif,Production Vidéo
CloudRC,KaYoTom M66 5G Walkie-Talkie,313.0,1,59.11B,2024-11-17,2024-11-17,1.0,Actif,Autres
Xiaomi,Super Stingray VTOL Pack,12.99,1,59.11B,2024-11-17,2024-11-17,1.0,Actif,Autres
Brother,Mini Plank,22.99,1,59.11B,2024-11-17,2024-11-17,1.0,Actif,Autres
Apple,Ninja SLUSHi Frozen Drink Maker,299.99,1,59.11B,2024-11-17,2024-11-17,1.0,Actif,Autres
HoldX,Ninja Kitchen System Power Blender,229.99,1,59.11B,2024-11-17,2024-11-17,1.0,Actif,Équipement Spécialisé
Thom Browne,Ninja Foodi Smart XL Grill,169.99,1,59.11B,2024-11-17,2024-11-17,1.0,Actif,Autres
PDMovie,PLAID NotePin,189.99,1,59.11B,2024-11-17,2024-11-17,1.0,Actif,Autres
KaYoTom,Neewer X16 Remote Teleprompter,299.99,1,59.11B,2024-11-17,2024-11-17,1.0,Actif,Production Vidéo
Flightory,Hair & Make Up Mirror,40.0,1,59.11B,2024-11-17,2024-11-17,1.0,Actif,Production Vidéo
Spigen,Clothes Rail,10.0,1,59.11B,2024-11-17,2024-11-17,1.0,Actif,Autres
Rose Signage,Rosco 1700 Smoke Machine,40.0,1,59.11B,2024-11-17,2024-11-17,1.0,Actif,Équipement Spécialisé
