service_id,pole,categorie,prestation,prix_start,prix_business,prix_enterprise,prix_mensuel,prix_trimestriel,prix_semestriel,prix_annuel,taux_haute_saison,duree_minutes,capacite_min,capacite_max,capacite_optimale,description,conditions_annulation,privatisation,zones_geographiques,langues_disponibles,options,index_ape
BRA-CON-000,Administration,Brand Content,Content Factory Express,86.63,165.4,299.2,64.66,1785.0,3360.0,6300.0,0.27,240,1,10,4,Production contenu express demi-journée,"{""delai_gratuit"": 72, ""frais_48h"": 0.5, ""frais_24h"": 1.0}",True,"[""La Rochelle"", ""Paris"", ""Remote""]","[""FR"", ""EN""]","[ServiceOption(option_id='OPT-1', nom_option='Rush Delivery', description_option='Option Rush Delivery', prix_ht=Decimal('105.00'), obligatoire=False, disponible_start=True, disponible_business=True, disponible_enterprise=True), ServiceOption(option_id='OPT-2', nom_option='Multi-format', description_option='Option Multi-format', prix_ht=Decimal('140.00'), obligatoire=False, disponible_start=True, disponible_business=True, disponible_enterprise=True), ServiceOption(option_id='OPT-3', nom_option='Distribution', description_option='Option Distribution', prix_ht=Decimal('175.00'), obligatoire=False, disponible_start=True, disponible_business=True, disponible_enterprise=True)]",70.22Z
BRA-CON-001,Administration,Brand Content,Content Lab,435.15,496.0,992.0,488.0,5400.0,10200.0,19200.0,0.27,43200,1,10,4,Création contenus innovants multiformat,"{""delai_gratuit"": 72, ""frais_48h"": 0.5, ""frais_24h"": 1.0}",True,"[""La Rochelle"", ""Paris"", ""Remote""]","[""FR"", ""EN""]","[ServiceOption(option_id='OPT-1', nom_option='Réalité augmentée', description_option='Option Réalité augmentée', prix_ht=Decimal('0'), obligatoire=False, disponible_start=True, disponible_business=True, disponible_enterprise=True), ServiceOption(option_id='OPT-2', nom_option='3D', description_option='Option 3D', prix_ht=Decimal('0'), obligatoire=False, disponible_start=True, disponible_business=True, disponible_enterprise=True), ServiceOption(option_id='OPT-3', nom_option='Interactive', description_option='Option Interactive', prix_ht=Decimal('0'), obligatoire=False, disponible_start=True, disponible_business=True, disponible_enterprise=True)]",70.22Z
BRA-CON-002,Administration,Brand Content,Content Sprint,753.99,2920.0,4351.51,463.58,12750.0,24000.0,45000.0,0.27,2400,1,10,4,Production intensive de contenu sur une semaine,"{""delai_gratuit"": 72, ""frais_48h"": 0.5, ""frais_24h"": 1.0}",True,"[""La Rochelle"", ""Paris"", ""Remote""]","[""FR"", ""EN""]","[ServiceOption(option_id='OPT-1', nom_option='Rush', description_option='Option Rush', prix_ht=Decimal('750.00'), obligatoire=False, disponible_start=True, disponible_business=True, disponible_enterprise=True), ServiceOption(option_id='OPT-2', nom_option='Multi-format', description_option='Option Multi-format', prix_ht=Decimal('1000.00'), obligatoire=False, disponible_start=True, disponible_business=True, disponible_enterprise=True), ServiceOption(option_id='OPT-3', nom_option='Distribution', description_option='Option Distribution', prix_ht=Decimal('1250.00'), obligatoire=False, disponible_start=True, disponible_business=True, disponible_enterprise=True)]",70.22Z
BRA-EDI-003,Administration,Brand Content,Editorial Planning,1635.76,5539.92,8539.92,1377.15,38250.0,72000.0,135000.0,0.27,43200,1,10,4,Planification et gestion du contenu mensuel,"{""delai_gratuit"": 72, ""frais_48h"": 0.5, ""frais_24h"": 1.0}",True,"[""La Rochelle"", ""Paris"", ""Remote""]","[""FR"", ""EN""]","[ServiceOption(option_id='OPT-1', nom_option='Création contenus rich media', description_option='Option Création contenus rich media', prix_ht=Decimal('2250.00'), obligatoire=False, disponible_start=True, disponible_business=True, disponible_enterprise=True), ServiceOption(option_id='OPT-2', nom_option='Community management', description_option='Option Community management', prix_ht=Decimal('3000.00'), obligatoire=False, disponible_start=True, disponible_business=True, disponible_enterprise=True)]",70.22Z
BRA-STR-004,Administration,Brand Content,Stratégie Contenu Global,6880.0,10880.0,18351.51,3814.66,102000.0,192000.0,360000.0,0.27,129600,1,10,4,Développement de la stratégie de contenu multicanal,"{""delai_gratuit"": 72, ""frais_48h"": 0.5, ""frais_24h"": 1.0}",True,"[""La Rochelle"", ""Paris"", ""Remote""]","[""FR"", ""EN""]","[ServiceOption(option_id='OPT-1', nom_option='Shooting photo/vidéo', description_option='Option Shooting photo/vidéo', prix_ht=Decimal('6000.00'), obligatoire=False, disponible_start=True, disponible_business=True, disponible_enterprise=True), ServiceOption(option_id='OPT-2', nom_option='Rédaction', description_option='Option Rédaction', prix_ht=Decimal('8000.00'), obligatoire=False, disponible_start=True, disponible_business=True, disponible_enterprise=True), ServiceOption(option_id='OPT-3', nom_option='Social media', description_option='Option Social media', prix_ht=Decimal('10000.00'), obligatoire=False, disponible_start=True, disponible_business=True, disponible_enterprise=True)]",70.22Z
CON-DIG-005,Administration,Consulting Tech,Digital Transformation,1635.76,5715.29,6960.0,1371.47,38250.0,72000.0,135000.0,0.27,129600,1,10,4,Accompagnement complet dans la transformation digitale de l'entreprise,"{""delai_gratuit"": 72, ""frais_48h"": 0.5, ""frais_24h"": 1.0}",True,"[""La Rochelle"", ""Paris"", ""Remote""]","[""FR"", ""EN""]","[ServiceOption(option_id='OPT-1', nom_option='Change management', description_option='Option Change management', prix_ht=Decimal('2250.00'), obligatoire=False, disponible_start=True, disponible_business=True, disponible_enterprise=True), ServiceOption(option_id='OPT-2', nom_option='Formation équipes', description_option='Option Formation équipes', prix_ht=Decimal('3000.00'), obligatoire=False, disponible_start=True, disponible_business=True, disponible_enterprise=True), ServiceOption(option_id='OPT-3', nom_option='Support dédié', description_option='Option Support dédié', prix_ht=Decimal('3750.00'), obligatoire=False, disponible_start=True, disponible_business=True, disponible_enterprise=True)]",70.22Z
CON-ENT-006,Administration,Consulting Tech,Enterprise Tech Package,9539.92,15357.65,28960.0,6514.66,178500.0,336000.0,630000.0,0.27,259200,1,10,4,Package transformation digitale semestriel,"{""delai_gratuit"": 72, ""frais_48h"": 0.5, ""frais_24h"": 1.0}",True,"[""La Rochelle"", ""Paris"", ""Remote""]","[""FR"", ""EN""]","[ServiceOption(option_id='OPT-1', nom_option='Change Management', description_option='Option Change Management', prix_ht=Decimal('10500.00'), obligatoire=False, disponible_start=True, disponible_business=True, disponible_enterprise=True), ServiceOption(option_id='OPT-2', nom_option='Tech Integration', description_option='Option Tech Integration', prix_ht=Decimal('14000.00'), obligatoire=False, disponible_start=True, disponible_business=True, disponible_enterprise=True), ServiceOption(option_id='OPT-3', nom_option='KPI Tracking', description_option='Option KPI Tracking', prix_ht=Decimal('17500.00'), obligatoire=False, disponible_start=True, disponible_business=True, disponible_enterprise=True)]",70.22Z
CON-INN-007,Administration,Consulting Tech,Innovation Workshop,466.28,888.0,1296.0,466.28,8100.0,15300.0,28800.0,0.27,480,1,10,4,Session de travail sur l'innovation et la transformation digitale,"{""delai_gratuit"": 72, ""frais_48h"": 0.5, ""frais_24h"": 1.0}",True,"[""La Rochelle"", ""Paris"", ""Remote""]","[""FR"", ""EN""]","[ServiceOption(option_id='OPT-1', nom_option='Facilitation design thinking', description_option='Option Facilitation design thinking', prix_ht=Decimal('450.00'), obligatoire=False, disponible_start=True, disponible_business=True, disponible_enterprise=True), ServiceOption(option_id='OPT-2', nom_option='Prototype', description_option='Option Prototype', prix_ht=Decimal('600.00'), obligatoire=False, disponible_start=True, disponible_business=True, disponible_enterprise=True), ServiceOption(option_id='OPT-3', nom_option='Documentation', description_option='Option Documentation', prix_ht=Decimal('750.00'), obligatoire=False, disponible_start=True, disponible_business=True, disponible_enterprise=True)]",70.22Z
CON-TEC-008,Administration,Consulting Tech,Tech Support Express,39.2,63.52,105.4,20.54,510.0,960.0,1800.0,0.27,60,1,10,4,Support technique et consulting express,"{""delai_gratuit"": 72, ""frais_48h"": 0.5, ""frais_24h"": 1.0}",True,"[""La Rochelle"", ""Paris"", ""Remote""]","[""FR"", ""EN""]","[ServiceOption(option_id='OPT-1', nom_option='Intervention urgente', description_option='Option Intervention urgente', prix_ht=Decimal('30.00'), obligatoire=False, disponible_start=True, disponible_business=True, disponible_enterprise=True), ServiceOption(option_id='OPT-2', nom_option='Support distant', description_option='Option Support distant', prix_ht=Decimal('40.00'), obligatoire=False, disponible_start=True, disponible_business=True, disponible_enterprise=True), ServiceOption(option_id='OPT-3', nom_option='Documentation', description_option='Option Documentation', prix_ht=Decimal('50.00'), obligatoire=False, disponible_start=True, disponible_business=True, disponible_enterprise=True)]",70.22Z
CON-WEB-009,Administration,Consulting Tech,Web3 Strategy,466.63,1153.99,2014.66,478.8,12150.0,22950.0,43200.0,0.27,86400,1,10,4,Conseil stratégique pour transition Web3 et blockchain,"{""delai_gratuit"": 72, ""frais_48h"": 0.5, ""frais_24h"": 1.0}",True,"[""La Rochelle"", ""Paris"", ""Remote""]","[""FR"", ""EN""]","[ServiceOption(option_id='OPT-1', nom_option='POC Development', description_option='Option POC Development', prix_ht=Decimal('0'), obligatoire=False, disponible_start=True, disponible_business=True, disponible_enterprise=True), ServiceOption(option_id='OPT-2', nom_option='Training', description_option='Option Training', prix_ht=Decimal('0'), obligatoire=False, disponible_start=True, disponible_business=True, disponible_enterprise=True), ServiceOption(option_id='OPT-3', nom_option='Implementation', description_option='Option Implementation', prix_ht=Decimal('0'), obligatoire=False, disponible_start=True, disponible_business=True, disponible_enterprise=True)]",70.22Z
CRI-CRI-010,Administration,Crisis Communication,Crisis Management,666.28,3880.0,4351.51,771.53,13500.0,25500.0,48000.0,0.27,2400,1,10,4,Gestion de crise et communication d'urgence,"{""delai_gratuit"": 72, ""frais_48h"": 0.5, ""frais_24h"": 1.0}",True,"[""La Rochelle"", ""Paris"", ""Remote""]","[""FR"", ""EN""]","[ServiceOption(option_id='OPT-1', nom_option='Media training', description_option='Option Media training', prix_ht=Decimal('750.00'), obligatoire=False, disponible_start=True, disponible_business=True, disponible_enterprise=True), ServiceOption(option_id='OPT-2', nom_option='Communication plan', description_option='Option Communication plan', prix_ht=Decimal('1000.00'), obligatoire=False, disponible_start=True, disponible_business=True, disponible_enterprise=True), ServiceOption(option_id='OPT-3', nom_option='Monitoring', description_option='Option Monitoring', prix_ht=Decimal('1250.00'), obligatoire=False, disponible_start=True, disponible_business=True, disponible_enterprise=True)]",70.22Z
CRI-DIG-011,Administration,Crisis Communication,Digital Crisis Simulation,614.66,1014.66,1792.0,592.0,10800.0,20400.0,38400.0,0.27,960,1,10,4,Simulation crise digitale et training,"{""delai_gratuit"": 72, ""frais_48h"": 0.5, ""frais_24h"": 1.0}",True,"[""La Rochelle"", ""Paris"", ""Remote""]","[""FR"", ""EN""]","[ServiceOption(option_id='OPT-1', nom_option='Scénarios personnalisés', description_option='Option Scénarios personnalisés', prix_ht=Decimal('0'), obligatoire=False, disponible_start=True, disponible_business=True, disponible_enterprise=True), ServiceOption(option_id='OPT-2', nom_option='Debriefing', description_option='Option Debriefing', prix_ht=Decimal('0'), obligatoire=False, disponible_start=True, disponible_business=True, disponible_enterprise=True), ServiceOption(option_id='OPT-3', nom_option='Plan action', description_option='Option Plan action', prix_ht=Decimal('0'), obligatoire=False, disponible_start=True, disponible_business=True, disponible_enterprise=True)]",70.22Z
CRI-SOC-012,Administration,Crisis Communication,Social Media Crisis Kit,366.63,935.15,1566.28,363.58,9450.0,17850.0,33600.0,0.27,43200,1,10,4,Kit de gestion de crise réseaux sociaux clé en main,"{""delai_gratuit"": 72, ""frais_48h"": 0.5, ""frais_24h"": 1.0}",True,"[""La Rochelle"", ""Paris"", ""Remote""]","[""FR"", ""EN""]","[ServiceOption(option_id='OPT-1', nom_option='Monitoring 24/7', description_option='Option Monitoring 24/7', prix_ht=Decimal('0'), obligatoire=False, disponible_start=True, disponible_business=True, disponible_enterprise=True), ServiceOption(option_id='OPT-2', nom_option='Response Templates', description_option='Option Response Templates', prix_ht=Decimal('0'), obligatoire=False, disponible_start=True, disponible_business=True, disponible_enterprise=True), ServiceOption(option_id='OPT-3', nom_option='Crisis Team', description_option='Option Crisis Team', prix_ht=Decimal('0'), obligatoire=False, disponible_start=True, disponible_business=True, disponible_enterprise=True)]",70.22Z
STR-AUD-013,Administration,Stratégie Digitale,Audit Digital Complet,173.52,553.99,696.0,159.6,4050.0,7650.0,14400.0,0.27,43200,1,10,4,Analyse complète de la présence digitale avec recommandations stratégiques,"{""delai_gratuit"": 72, ""frais_48h"": 0.5, ""frais_24h"": 1.0}",True,"[""La Rochelle"", ""Paris"", ""Remote""]","[""FR"", ""EN""]","[ServiceOption(option_id='OPT-1', nom_option='Formation équipe', description_option='Option Formation équipe', prix_ht=Decimal('225.00'), obligatoire=False, disponible_start=True, disponible_business=True, disponible_enterprise=True), ServiceOption(option_id='OPT-2', nom_option='Accompagnement personnalisé', description_option='Option Accompagnement personnalisé', prix_ht=Decimal('300.00'), obligatoire=False, disponible_start=True, disponible_business=True, disponible_enterprise=True), ServiceOption(option_id='OPT-3', nom_option='Support prioritaire', description_option='Option Support prioritaire', prix_ht=Decimal('375.00'), obligatoire=False, disponible_start=True, disponible_business=True, disponible_enterprise=True)]",70.22Z
STR-DIG-014,Administration,Stratégie Digitale,Digital Direction Annuelle,12960.0,26880.0,49920.0,10992.0,306000.0,576000.0,1080000.0,0.27,525600,1,10,4,Pilotage stratégique digital sur un an,"{""delai_gratuit"": 72, ""frais_48h"": 0.5, ""frais_24h"": 1.0}",True,"[""La Rochelle"", ""Paris"", ""Remote""]","[""FR"", ""EN""]","[ServiceOption(option_id='OPT-1', nom_option='Reporting mensuel', description_option='Option Reporting mensuel', prix_ht=Decimal('18000.00'), obligatoire=False, disponible_start=True, disponible_business=True, disponible_enterprise=True), ServiceOption(option_id='OPT-2', nom_option='Ajustements trimestriels', description_option='Option Ajustements trimestriels', prix_ht=Decimal('24000.00'), obligatoire=False, disponible_start=True, disponible_business=True, disponible_enterprise=True), ServiceOption(option_id='OPT-3', nom_option='Bilan annuel', description_option='Option Bilan annuel', prix_ht=Decimal('30000.00'), obligatoire=False, disponible_start=True, disponible_business=True, disponible_enterprise=True)]",70.22Z
STR-PLA-015,Administration,Stratégie Digitale,Plan Stratégique Digital,6146.63,10715.29,17920.0,3835.15,102000.0,192000.0,360000.0,0.27,129600,1,10,4,Définition et mise en œuvre de la stratégie digitale sur 3 mois,"{""delai_gratuit"": 72, ""frais_48h"": 0.5, ""frais_24h"": 1.0}",True,"[""La Rochelle"", ""Paris"", ""Remote""]","[""FR"", ""EN""]","[ServiceOption(option_id='OPT-1', nom_option='Consulting mensuel', description_option='Option Consulting mensuel', prix_ht=Decimal('6000.00'), obligatoire=False, disponible_start=True, disponible_business=True, disponible_enterprise=True), ServiceOption(option_id='OPT-2', nom_option='Reporting avancé', description_option='Option Reporting avancé', prix_ht=Decimal('8000.00'), obligatoire=False, disponible_start=True, disponible_business=True, disponible_enterprise=True), ServiceOption(option_id='OPT-3', nom_option='Formation', description_option='Option Formation', prix_ht=Decimal('10000.00'), obligatoire=False, disponible_start=True, disponible_business=True, disponible_enterprise=True)]",70.22Z
STR-STR-016,Administration,Stratégie Digitale,Strategic Impact Half-Day,98.8,159.2,299.2,65.72,1785.0,3360.0,6300.0,0.27,240,1,10,4,Session stratégique intensive demi-journée,"{""delai_gratuit"": 72, ""frais_48h"": 0.5, ""frais_24h"": 1.0}",True,"[""La Rochelle"", ""Paris"", ""Remote""]","[""FR"", ""EN""]","[ServiceOption(option_id='OPT-1', nom_option='Workshop Design', description_option='Option Workshop Design', prix_ht=Decimal('105.00'), obligatoire=False, disponible_start=True, disponible_business=True, disponible_enterprise=True), ServiceOption(option_id='OPT-2', nom_option='Expert Panel', description_option='Option Expert Panel', prix_ht=Decimal('140.00'), obligatoire=False, disponible_start=True, disponible_business=True, disponible_enterprise=True), ServiceOption(option_id='OPT-3', nom_option='Action Plan', description_option='Option Action Plan', prix_ht=Decimal('175.00'), obligatoire=False, disponible_start=True, disponible_business=True, disponible_enterprise=True)]",70.22Z
STR-STR-017,Administration,Stratégie Digitale,Stratégie Social Media,273.52,735.15,1960.0,278.8,6750.0,12750.0,24000.0,0.27,86400,1,10,4,Développement stratégie réseaux sociaux complète,"{""delai_gratuit"": 72, ""frais_48h"": 0.5, ""frais_24h"": 1.0}",True,"[""La Rochelle"", ""Paris"", ""Remote""]","[""FR"", ""EN""]","[ServiceOption(option_id='OPT-1', nom_option='Veille concurrentielle', description_option='Option Veille concurrentielle', prix_ht=Decimal('0'), obligatoire=False, disponible_start=True, disponible_business=True, disponible_enterprise=True), ServiceOption(option_id='OPT-2', nom_option='Analyse data', description_option='Option Analyse data', prix_ht=Decimal('0'), obligatoire=False, disponible_start=True, disponible_business=True, disponible_enterprise=True), ServiceOption(option_id='OPT-3', nom_option='KPIs personnalisés', description_option='Option KPIs personnalisés', prix_ht=Decimal('0'), obligatoire=False, disponible_start=True, disponible_business=True, disponible_enterprise=True)]",70.22Z
WEB-E-C-018,Administration,Web Development,E-commerce Platform,1014.66,1871.53,3471.53,896.0,21600.0,40800.0,76800.0,0.27,129600,1,10,4,Création plateforme e-commerce complète,"{""delai_gratuit"": 72, ""frais_48h"": 0.5, ""frais_24h"": 1.0}",True,"[""La Rochelle"", ""Paris"", ""Remote""]","[""FR"", ""EN""]","[ServiceOption(option_id='OPT-1', nom_option='Formation staff', description_option='Option Formation staff', prix_ht=Decimal('1200.00'), obligatoire=False, disponible_start=True, disponible_business=True, disponible_enterprise=True), ServiceOption(option_id='OPT-2', nom_option='Marketing digital', description_option='Option Marketing digital', prix_ht=Decimal('1600.00'), obligatoire=False, disponible_start=True, disponible_business=True, disponible_enterprise=True), ServiceOption(option_id='OPT-3', nom_option='Support technique', description_option='Option Support technique', prix_ht=Decimal('2000.00'), obligatoire=False, disponible_start=True, disponible_business=True, disponible_enterprise=True)]",70.22Z
WEB-WEB-019,Administration,Web Development,Web Maintenance,1596.0,5715.29,8146.63,1366.63,38250.0,72000.0,135000.0,0.27,43200,1,10,4,Maintenance et mise à jour mensuelle du site,"{""delai_gratuit"": 72, ""frais_48h"": 0.5, ""frais_24h"": 1.0}",True,"[""La Rochelle"", ""Paris"", ""Remote""]","[""FR"", ""EN""]","[ServiceOption(option_id='OPT-1', nom_option='Évolutions fonctionnelles', description_option='Option Évolutions fonctionnelles', prix_ht=Decimal('2250.00'), obligatoire=False, disponible_start=True, disponible_business=True, disponible_enterprise=True), ServiceOption(option_id='OPT-2', nom_option='Sécurité', description_option='Option Sécurité', prix_ht=Decimal('3000.00'), obligatoire=False, disponible_start=True, disponible_business=True, disponible_enterprise=True), ServiceOption(option_id='OPT-3', nom_option='Backup', description_option='Option Backup', prix_ht=Decimal('3750.00'), obligatoire=False, disponible_start=True, disponible_business=True, disponible_enterprise=True)]",70.22Z
WEB-WEB-020,Administration,Web Development,Website Creation,771.53,3880.0,4146.63,753.99,13500.0,25500.0,48000.0,0.27,86400,1,10,4,Création site web professionnel responsive,"{""delai_gratuit"": 72, ""frais_48h"": 0.5, ""frais_24h"": 1.0}",True,"[""La Rochelle"", ""Paris"", ""Remote""]","[""FR"", ""EN""]","[ServiceOption(option_id='OPT-1', nom_option='SEO Premium', description_option='Option SEO Premium', prix_ht=Decimal('750.00'), obligatoire=False, disponible_start=True, disponible_business=True, disponible_enterprise=True), ServiceOption(option_id='OPT-2', nom_option='Maintenance 1 an', description_option='Option Maintenance 1 an', prix_ht=Decimal('1000.00'), obligatoire=False, disponible_start=True, disponible_business=True, disponible_enterprise=True), ServiceOption(option_id='OPT-3', nom_option='Formation admin', description_option='Option Formation admin', prix_ht=Decimal('1250.00'), obligatoire=False, disponible_start=True, disponible_business=True, disponible_enterprise=True)]",70.22Z
EXP-NFT-021,Divertissement,Experience NFT,NFT Art Curation,108.8,169.6,333.58,93.58,2160.0,4080.0,7680.0,0.27,480,1,10,4,Curation et organisation exposition NFT,"{""delai_gratuit"": 72, ""frais_48h"": 0.5, ""frais_24h"": 1.0}",True,"[""La Rochelle"", ""Paris"", ""Remote""]","[""FR"", ""EN""]","[ServiceOption(option_id='OPT-1', nom_option='Scénographie virtuelle', description_option='Option Scénographie virtuelle', prix_ht=Decimal('0'), obligatoire=False, disponible_start=True, disponible_business=True, disponible_enterprise=True), ServiceOption(option_id='OPT-2', nom_option='Catalogue digital', description_option='Option Catalogue digital', prix_ht=Decimal('0'), obligatoire=False, disponible_start=True, disponible_business=True, disponible_enterprise=True), ServiceOption(option_id='OPT-3', nom_option='Médiation', description_option='Option Médiation', prix_ht=Decimal('0'), obligatoire=False, disponible_start=True, disponible_business=True, disponible_enterprise=True)]",70.21Z
EXP-NFT-022,Divertissement,Experience NFT,NFT Creation Workshop,75.4,235.76,335.76,47.72,1275.0,2400.0,4500.0,0.27,240,1,10,4,Formation création NFT personnalisée,"{""delai_gratuit"": 72, ""frais_48h"": 0.5, ""frais_24h"": 1.0}",True,"[""La Rochelle"", ""Paris"", ""Remote""]","[""FR"", ""EN""]","[ServiceOption(option_id='OPT-1', nom_option='Support technique', description_option='Option Support technique', prix_ht=Decimal('75.00'), obligatoire=False, disponible_start=True, disponible_business=True, disponible_enterprise=True), ServiceOption(option_id='OPT-2', nom_option='Consulting', description_option='Option Consulting', prix_ht=Decimal('100.00'), obligatoire=False, disponible_start=True, disponible_business=True, disponible_enterprise=True), ServiceOption(option_id='OPT-3', nom_option='Hébergement', description_option='Option Hébergement', prix_ht=Decimal('125.00'), obligatoire=False, disponible_start=True, disponible_business=True, disponible_enterprise=True)]",70.21Z
EXP-NFT-023,Divertissement,Experience NFT,NFT Mint Session,57.15,76.63,141.47,57.15,810.0,1530.0,2880.0,0.27,120,1,10,4,Session de création et déploiement NFT,"{""delai_gratuit"": 72, ""frais_48h"": 0.5, ""frais_24h"": 1.0}",True,"[""La Rochelle"", ""Paris"", ""Remote""]","[""FR"", ""EN""]","[ServiceOption(option_id='OPT-1', nom_option='Design personnalisé', description_option='Option Design personnalisé', prix_ht=Decimal('45.00'), obligatoire=False, disponible_start=True, disponible_business=True, disponible_enterprise=True), ServiceOption(option_id='OPT-2', nom_option='Droits', description_option='Option Droits', prix_ht=Decimal('60.00'), obligatoire=False, disponible_start=True, disponible_business=True, disponible_enterprise=True), ServiceOption(option_id='OPT-3', nom_option='Promotion', description_option='Option Promotion', prix_ht=Decimal('75.00'), obligatoire=False, disponible_start=True, disponible_business=True, disponible_enterprise=True)]",70.21Z
INF-INF-024,Divertissement,Influence Marketing,Influencer Campaign,535.15,696.0,1392.0,492.0,8100.0,15300.0,28800.0,0.27,4800,1,10,4,Campagne d'influence avec KPIs,"{""delai_gratuit"": 72, ""frais_48h"": 0.5, ""frais_24h"": 1.0}",True,"[""La Rochelle"", ""Paris"", ""Remote""]","[""FR"", ""EN""]","[ServiceOption(option_id='OPT-1', nom_option='Tracking KPIs', description_option='Option Tracking KPIs', prix_ht=Decimal('450.00'), obligatoire=False, disponible_start=True, disponible_business=True, disponible_enterprise=True), ServiceOption(option_id='OPT-2', nom_option='Reporting', description_option='Option Reporting', prix_ht=Decimal('600.00'), obligatoire=False, disponible_start=True, disponible_business=True, disponible_enterprise=True), ServiceOption(option_id='OPT-3', nom_option='Optimisation', description_option='Option Optimisation', prix_ht=Decimal('750.00'), obligatoire=False, disponible_start=True, disponible_business=True, disponible_enterprise=True)]",70.21Z
INF-MET-025,Divertissement,Influence Marketing,Metaverse Influence Program,375.4,866.28,1566.28,378.8,9450.0,17850.0,33600.0,0.27,86400,1,10,4,Programme d'influence dans les mondes virtuels,"{""delai_gratuit"": 72, ""frais_48h"": 0.5, ""frais_24h"": 1.0}",True,"[""La Rochelle"", ""Paris"", ""Remote""]","[""FR"", ""EN""]","[ServiceOption(option_id='OPT-1', nom_option='Virtual Events', description_option='Option Virtual Events', prix_ht=Decimal('0'), obligatoire=False, disponible_start=True, disponible_business=True, disponible_enterprise=True), ServiceOption(option_id='OPT-2', nom_option='Digital Assets', description_option='Option Digital Assets', prix_ht=Decimal('0'), obligatoire=False, disponible_start=True, disponible_business=True, disponible_enterprise=True), ServiceOption(option_id='OPT-3', nom_option='Analytics', description_option='Option Analytics', prix_ht=Decimal('0'), obligatoire=False, disponible_start=True, disponible_business=True, disponible_enterprise=True)]",70.21Z
INF-VIR-026,Divertissement,Influence Marketing,Virtual Influencer Creation,535.76,966.28,1888.0,653.99,10800.0,20400.0,38400.0,0.27,129600,1,10,4,Création et gestion d'influenceur virtuel personnalisé,"{""delai_gratuit"": 72, ""frais_48h"": 0.5, ""frais_24h"": 1.0}",True,"[""La Rochelle"", ""Paris"", ""Remote""]","[""FR"", ""EN""]","[ServiceOption(option_id='OPT-1', nom_option='Character Design', description_option='Option Character Design', prix_ht=Decimal('0'), obligatoire=False, disponible_start=True, disponible_business=True, disponible_enterprise=True), ServiceOption(option_id='OPT-2', nom_option='Content Creation', description_option='Option Content Creation', prix_ht=Decimal('0'), obligatoire=False, disponible_start=True, disponible_business=True, disponible_enterprise=True), ServiceOption(option_id='OPT-3', nom_option='Engagement Strategy', description_option='Option Engagement Strategy', prix_ht=Decimal('0'), obligatoire=False, disponible_start=True, disponible_business=True, disponible_enterprise=True)]",70.21Z
MAR-COL-027,Divertissement,Marketing NFT,Collection NFT Entreprise,692.0,2920.0,4146.63,753.99,13500.0,25500.0,48000.0,0.27,86400,1,10,4,Création collection NFT complète pour entreprise,"{""delai_gratuit"": 72, ""frais_48h"": 0.5, ""frais_24h"": 1.0}",True,"[""La Rochelle"", ""Paris"", ""Remote""]","[""FR"", ""EN""]","[ServiceOption(option_id='OPT-1', nom_option='Smart contracts', description_option='Option Smart contracts', prix_ht=Decimal('750.00'), obligatoire=False, disponible_start=True, disponible_business=True, disponible_enterprise=True), ServiceOption(option_id='OPT-2', nom_option='Marketplace', description_option='Option Marketplace', prix_ht=Decimal('1000.00'), obligatoire=False, disponible_start=True, disponible_business=True, disponible_enterprise=True), ServiceOption(option_id='OPT-3', nom_option='Marketing', description_option='Option Marketing', prix_ht=Decimal('1250.00'), obligatoire=False, disponible_start=True, disponible_business=True, disponible_enterprise=True)]",70.21Z
MAR-NFT-028,Divertissement,Marketing NFT,NFT Growth Hacking,296.0,688.0,1053.99,392.0,5400.0,10200.0,19200.0,0.27,43200,1,10,4,Stratégie croissance collection NFT,"{""delai_gratuit"": 72, ""frais_48h"": 0.5, ""frais_24h"": 1.0}",True,"[""La Rochelle"", ""Paris"", ""Remote""]","[""FR"", ""EN""]","[ServiceOption(option_id='OPT-1', nom_option='Social media', description_option='Option Social media', prix_ht=Decimal('0'), obligatoire=False, disponible_start=True, disponible_business=True, disponible_enterprise=True), ServiceOption(option_id='OPT-2', nom_option='Influenceurs', description_option='Option Influenceurs', prix_ht=Decimal('0'), obligatoire=False, disponible_start=True, disponible_business=True, disponible_enterprise=True), ServiceOption(option_id='OPT-3', nom_option='Analytics', description_option='Option Analytics', prix_ht=Decimal('0'), obligatoire=False, disponible_start=True, disponible_business=True, disponible_enterprise=True)]",70.21Z
MAR-NFT-029,Divertissement,Marketing NFT,NFT Marketing Strategy,2866.28,5635.15,10966.28,2457.15,68850.0,129600.0,243000.0,0.27,129600,1,10,4,Stratégie marketing NFT et accompagnement,"{""delai_gratuit"": 72, ""frais_48h"": 0.5, ""frais_24h"": 1.0}",True,"[""La Rochelle"", ""Paris"", ""Remote""]","[""FR"", ""EN""]","[ServiceOption(option_id='OPT-1', nom_option='Community management', description_option='Option Community management', prix_ht=Decimal('4050.00'), obligatoire=False, disponible_start=True, disponible_business=True, disponible_enterprise=True), ServiceOption(option_id='OPT-2', nom_option='Promotion', description_option='Option Promotion', prix_ht=Decimal('5400.00'), obligatoire=False, disponible_start=True, disponible_business=True, disponible_enterprise=True), ServiceOption(option_id='OPT-3', nom_option='Analytics', description_option='Option Analytics', prix_ht=Decimal('6750.00'), obligatoire=False, disponible_start=True, disponible_business=True, disponible_enterprise=True)]",70.21Z
MAR-NFT-030,Divertissement,Marketing NFT,NFT Program Annuel,10146.63,18146.63,33920.0,7335.76,204000.0,384000.0,720000.0,0.27,525600,1,10,4,Programme NFT sur un an,"{""delai_gratuit"": 72, ""frais_48h"": 0.5, ""frais_24h"": 1.0}",True,"[""La Rochelle"", ""Paris"", ""Remote""]","[""FR"", ""EN""]","[ServiceOption(option_id='OPT-1', nom_option='Drops mensuels', description_option='Option Drops mensuels', prix_ht=Decimal('12000.00'), obligatoire=False, disponible_start=True, disponible_business=True, disponible_enterprise=True), ServiceOption(option_id='OPT-2', nom_option='Analytics', description_option='Option Analytics', prix_ht=Decimal('16000.00'), obligatoire=False, disponible_start=True, disponible_business=True, disponible_enterprise=True), ServiceOption(option_id='OPT-3', nom_option='Community management', description_option='Option Community management', prix_ht=Decimal('20000.00'), obligatoire=False, disponible_start=True, disponible_business=True, disponible_enterprise=True)]",70.21Z
MAR-NFT-031,Divertissement,Marketing NFT,NFT Quarterly Program,2796.0,5688.0,10896.0,2458.8,68850.0,129600.0,243000.0,0.27,129600,1,10,4,Programme NFT trimestriel intensif,"{""delai_gratuit"": 72, ""frais_48h"": 0.5, ""frais_24h"": 1.0}",True,"[""La Rochelle"", ""Paris"", ""Remote""]","[""FR"", ""EN""]","[ServiceOption(option_id='OPT-1', nom_option='Strategy', description_option='Option Strategy', prix_ht=Decimal('4050.00'), obligatoire=False, disponible_start=True, disponible_business=True, disponible_enterprise=True), ServiceOption(option_id='OPT-2', nom_option='Creation', description_option='Option Creation', prix_ht=Decimal('5400.00'), obligatoire=False, disponible_start=True, disponible_business=True, disponible_enterprise=True), ServiceOption(option_id='OPT-3', nom_option='Marketing', description_option='Option Marketing', prix_ht=Decimal('6750.00'), obligatoire=False, disponible_start=True, disponible_business=True, disponible_enterprise=True)]",70.21Z
SOC-MET-032,Divertissement,Social Media,Metaverse Community Management,171.47,553.99,835.15,171.47,4050.0,7650.0,14400.0,0.27,43200,1,10,4,Gestion communauté dans les univers virtuels,"{""delai_gratuit"": 72, ""frais_48h"": 0.5, ""frais_24h"": 1.0}",True,"[""La Rochelle"", ""Paris"", ""Remote""]","[""FR"", ""EN""]","[ServiceOption(option_id='OPT-1', nom_option='Virtual Events', description_option='Option Virtual Events', prix_ht=Decimal('0'), obligatoire=False, disponible_start=True, disponible_business=True, disponible_enterprise=True), ServiceOption(option_id='OPT-2', nom_option='Avatar Design', description_option='Option Avatar Design', prix_ht=Decimal('0'), obligatoire=False, disponible_start=True, disponible_business=True, disponible_enterprise=True), ServiceOption(option_id='OPT-3', nom_option='Community Engagement', description_option='Option Community Engagement', prix_ht=Decimal('0'), obligatoire=False, disponible_start=True, disponible_business=True, disponible_enterprise=True)]",70.21Z
SOC-SOC-033,Divertissement,Social Media,Social AR/VR Campaign,366.28,614.66,896.0,453.99,5400.0,10200.0,19200.0,0.27,43200,1,10,4,Campagne social media avec expériences AR/VR,"{""delai_gratuit"": 72, ""frais_48h"": 0.5, ""frais_24h"": 1.0}",True,"[""La Rochelle"", ""Paris"", ""Remote""]","[""FR"", ""EN""]","[ServiceOption(option_id='OPT-1', nom_option='Custom Filters', description_option='Option Custom Filters', prix_ht=Decimal('0'), obligatoire=False, disponible_start=True, disponible_business=True, disponible_enterprise=True), ServiceOption(option_id='OPT-2', nom_option='Interactive AR', description_option='Option Interactive AR', prix_ht=Decimal('0'), obligatoire=False, disponible_start=True, disponible_business=True, disponible_enterprise=True), ServiceOption(option_id='OPT-3', nom_option='Analytics', description_option='Option Analytics', prix_ht=Decimal('0'), obligatoire=False, disponible_start=True, disponible_business=True, disponible_enterprise=True)]",70.21Z
SOC-SOC-034,Divertissement,Social Media,Social Media Management,1960.0,2960.0,5357.65,1035.76,25500.0,48000.0,90000.0,0.27,43200,1,10,4,Gestion complète des réseaux sociaux,"{""delai_gratuit"": 72, ""frais_48h"": 0.5, ""frais_24h"": 1.0}",True,"[""La Rochelle"", ""Paris"", ""Remote""]","[""FR"", ""EN""]","[ServiceOption(option_id='OPT-1', nom_option='Ads management', description_option='Option Ads management', prix_ht=Decimal('1500.00'), obligatoire=False, disponible_start=True, disponible_business=True, disponible_enterprise=True), ServiceOption(option_id='OPT-2', nom_option='Création contenu', description_option='Option Création contenu', prix_ht=Decimal('2000.00'), obligatoire=False, disponible_start=True, disponible_business=True, disponible_enterprise=True), ServiceOption(option_id='OPT-3', nom_option='Reporting', description_option='Option Reporting', prix_ht=Decimal('2500.00'), obligatoire=False, disponible_start=True, disponible_business=True, disponible_enterprise=True)]",70.21Z
TEA-DIG-035,Divertissement,Team Building,Digital Creation Lab,175.4,571.53,871.53,173.52,4050.0,7650.0,14400.0,0.27,480,1,10,4,Atelier création contenu digital en équipe,"{""delai_gratuit"": 72, ""frais_48h"": 0.5, ""frais_24h"": 1.0}",True,"[""La Rochelle"", ""Paris"", ""Remote""]","[""FR"", ""EN""]","[ServiceOption(option_id='OPT-1', nom_option='Vidéo souvenir', description_option='Option Vidéo souvenir', prix_ht=Decimal('225.00'), obligatoire=False, disponible_start=True, disponible_business=True, disponible_enterprise=True), ServiceOption(option_id='OPT-2', nom_option='Restauration', description_option='Option Restauration', prix_ht=Decimal('300.00'), obligatoire=False, disponible_start=True, disponible_business=True, disponible_enterprise=True), ServiceOption(option_id='OPT-3', nom_option='Animation', description_option='Option Animation', prix_ht=Decimal('375.00'), obligatoire=False, disponible_start=True, disponible_business=True, disponible_enterprise=True)]",70.21Z
TEA-INN-036,Divertissement,Team Building,Innovation Semester,4966.28,9835.15,19296.0,4339.2,122400.0,230400.0,432000.0,0.27,259200,1,10,4,Programme innovation semestriel,"{""delai_gratuit"": 72, ""frais_48h"": 0.5, ""frais_24h"": 1.0}",True,"[""La Rochelle"", ""Paris"", ""Remote""]","[""FR"", ""EN""]","[ServiceOption(option_id='OPT-1', nom_option='Workshops', description_option='Option Workshops', prix_ht=Decimal('7200.00'), obligatoire=False, disponible_start=True, disponible_business=True, disponible_enterprise=True), ServiceOption(option_id='OPT-2', nom_option='Tech Projects', description_option='Option Tech Projects', prix_ht=Decimal('9600.00'), obligatoire=False, disponible_start=True, disponible_business=True, disponible_enterprise=True), ServiceOption(option_id='OPT-3', nom_option='Team Events', description_option='Option Team Events', prix_ht=Decimal('12000.00'), obligatoire=False, disponible_start=True, disponible_business=True, disponible_enterprise=True)]",70.21Z
TEA-INN-037,Divertissement,Team Building,Innovation Week,375.4,988.0,1592.0,317.72,8925.0,16800.0,31500.0,0.27,2400,1,10,4,Semaine d'innovation et team building,"{""delai_gratuit"": 72, ""frais_48h"": 0.5, ""frais_24h"": 1.0}",True,"[""La Rochelle"", ""Paris"", ""Remote""]","[""FR"", ""EN""]","[ServiceOption(option_id='OPT-1', nom_option='Workshops', description_option='Option Workshops', prix_ht=Decimal('525.00'), obligatoire=False, disponible_start=True, disponible_business=True, disponible_enterprise=True), ServiceOption(option_id='OPT-2', nom_option='Prototyping', description_option='Option Prototyping', prix_ht=Decimal('700.00'), obligatoire=False, disponible_start=True, disponible_business=True, disponible_enterprise=True), ServiceOption(option_id='OPT-3', nom_option='Pitchs', description_option='Option Pitchs', prix_ht=Decimal('875.00'), obligatoire=False, disponible_start=True, disponible_business=True, disponible_enterprise=True)]",70.21Z
TEA-MET-038,Divertissement,Team Building,Metaverse Challenge,275.4,666.28,1960.0,263.58,6750.0,12750.0,24000.0,0.27,480,1,10,4,Challenge d'équipe dans le metaverse avec missions collaboratives,"{""delai_gratuit"": 72, ""frais_48h"": 0.5, ""frais_24h"": 1.0}",True,"[""La Rochelle"", ""Paris"", ""Remote""]","[""FR"", ""EN""]","[ServiceOption(option_id='OPT-1', nom_option='VR Equipment', description_option='Option VR Equipment', prix_ht=Decimal('0'), obligatoire=False, disponible_start=True, disponible_business=True, disponible_enterprise=True), ServiceOption(option_id='OPT-2', nom_option='Custom Avatars', description_option='Option Custom Avatars', prix_ht=Decimal('0'), obligatoire=False, disponible_start=True, disponible_business=True, disponible_enterprise=True), ServiceOption(option_id='OPT-3', nom_option='Private Metaverse', description_option='Option Private Metaverse', prix_ht=Decimal('0'), obligatoire=False, disponible_start=True, disponible_business=True, disponible_enterprise=True)]",70.21Z
TEA-TEC-039,Divertissement,Team Building,Tech Innovation Workshop,453.99,671.53,1053.99,414.66,5400.0,10200.0,19200.0,0.27,480,1,10,4,Workshop innovation technologique,"{""delai_gratuit"": 72, ""frais_48h"": 0.5, ""frais_24h"": 1.0}",True,"[""La Rochelle"", ""Paris"", ""Remote""]","[""FR"", ""EN""]","[ServiceOption(option_id='OPT-1', nom_option='Prototypage', description_option='Option Prototypage', prix_ht=Decimal('300.00'), obligatoire=False, disponible_start=True, disponible_business=True, disponible_enterprise=True), ServiceOption(option_id='OPT-2', nom_option='Documentation', description_option='Option Documentation', prix_ht=Decimal('400.00'), obligatoire=False, disponible_start=True, disponible_business=True, disponible_enterprise=True), ServiceOption(option_id='OPT-3', nom_option='Suivi', description_option='Option Suivi', prix_ht=Decimal('500.00'), obligatoire=False, disponible_start=True, disponible_business=True, disponible_enterprise=True)]",70.21Z
ÉVÉ-EVE-040,Divertissement,Événementiel Digital,Event Setup Express,15.96,49.2,87.15,135.0,382.5,720.0,1350.0,0.27,120,1,10,4,Configuration événement express,"{""delai_gratuit"": 72, ""frais_48h"": 0.5, ""frais_24h"": 1.0}",True,"[""La Rochelle"", ""Paris"", ""Remote""]","[""FR"", ""EN""]","[ServiceOption(option_id='OPT-1', nom_option='Tech check', description_option='Option Tech check', prix_ht=Decimal('22.50'), obligatoire=False, disponible_start=True, disponible_business=True, disponible_enterprise=True), ServiceOption(option_id='OPT-2', nom_option='Live support', description_option='Option Live support', prix_ht=Decimal('30.00'), obligatoire=False, disponible_start=True, disponible_business=True, disponible_enterprise=True), ServiceOption(option_id='OPT-3', nom_option='Backup system', description_option='Option Backup system', prix_ht=Decimal('37.50'), obligatoire=False, disponible_start=True, disponible_business=True, disponible_enterprise=True)]",70.21Z
ÉVÉ-HAL-041,Divertissement,Événementiel Digital,Half-Day Event Express,73.52,314.66,453.99,47.35,1275.0,2400.0,4500.0,0.27,240,1,10,4,Organisation événement express demi-journée,"{""delai_gratuit"": 72, ""frais_48h"": 0.5, ""frais_24h"": 1.0}",True,"[""La Rochelle"", ""Paris"", ""Remote""]","[""FR"", ""EN""]","[ServiceOption(option_id='OPT-1', nom_option='Tech Setup', description_option='Option Tech Setup', prix_ht=Decimal('75.00'), obligatoire=False, disponible_start=True, disponible_business=True, disponible_enterprise=True), ServiceOption(option_id='OPT-2', nom_option='Live Support', description_option='Option Live Support', prix_ht=Decimal('100.00'), obligatoire=False, disponible_start=True, disponible_business=True, disponible_enterprise=True), ServiceOption(option_id='OPT-3', nom_option='Recording', description_option='Option Recording', prix_ht=Decimal('125.00'), obligatoire=False, disponible_start=True, disponible_business=True, disponible_enterprise=True)]",70.21Z
ÉVÉ-HOL-042,Divertissement,Événementiel Digital,Holographic Experience,653.99,1035.15,1792.0,592.0,10800.0,20400.0,38400.0,0.27,480,1,10,4,Événement avec présentations holographiques interactives,"{""delai_gratuit"": 72, ""frais_48h"": 0.5, ""frais_24h"": 1.0}",True,"[""La Rochelle"", ""Paris"", ""Remote""]","[""FR"", ""EN""]","[ServiceOption(option_id='OPT-1', nom_option='Custom Holograms', description_option='Option Custom Holograms', prix_ht=Decimal('0'), obligatoire=False, disponible_start=True, disponible_business=True, disponible_enterprise=True), ServiceOption(option_id='OPT-2', nom_option='Interactive Features', description_option='Option Interactive Features', prix_ht=Decimal('0'), obligatoire=False, disponible_start=True, disponible_business=True, disponible_enterprise=True), ServiceOption(option_id='OPT-3', nom_option='Recording', description_option='Option Recording', prix_ht=Decimal('0'), obligatoire=False, disponible_start=True, disponible_business=True, disponible_enterprise=True)]",70.21Z
ÉVÉ-HYB-043,Divertissement,Événementiel Digital,Hybrid Event Organization,635.76,1960.0,3357.65,788.0,13500.0,25500.0,48000.0,0.27,43200,1,10,4,Organisation événement hybride complet,"{""delai_gratuit"": 72, ""frais_48h"": 0.5, ""frais_24h"": 1.0}",True,"[""La Rochelle"", ""Paris"", ""Remote""]","[""FR"", ""EN""]","[ServiceOption(option_id='OPT-1', nom_option='Captation', description_option='Option Captation', prix_ht=Decimal('750.00'), obligatoire=False, disponible_start=True, disponible_business=True, disponible_enterprise=True), ServiceOption(option_id='OPT-2', nom_option='Streaming', description_option='Option Streaming', prix_ht=Decimal('1000.00'), obligatoire=False, disponible_start=True, disponible_business=True, disponible_enterprise=True), ServiceOption(option_id='OPT-3', nom_option='Technical support', description_option='Option Technical support', prix_ht=Decimal('1250.00'), obligatoire=False, disponible_start=True, disponible_business=True, disponible_enterprise=True)]",70.21Z
ÉVÉ-VIR-044,Divertissement,Événementiel Digital,Virtual Event,553.99,853.99,1453.99,492.0,8100.0,15300.0,28800.0,0.27,480,1,10,4,Événement 100 \% digital interactif,"{""delai_gratuit"": 72, ""frais_48h"": 0.5, ""frais_24h"": 1.0}",True,"[""La Rochelle"", ""Paris"", ""Remote""]","[""FR"", ""EN""]","[ServiceOption(option_id='OPT-1', nom_option='Plateforme personnalisée', description_option='Option Plateforme personnalisée', prix_ht=Decimal('450.00'), obligatoire=False, disponible_start=True, disponible_business=True, disponible_enterprise=True), ServiceOption(option_id='OPT-2', nom_option='Modération', description_option='Option Modération', prix_ht=Decimal('600.00'), obligatoire=False, disponible_start=True, disponible_business=True, disponible_enterprise=True), ServiceOption(option_id='OPT-3', nom_option='Analytics', description_option='Option Analytics', prix_ht=Decimal('750.00'), obligatoire=False, disponible_start=True, disponible_business=True, disponible_enterprise=True)]",70.21Z
DIG-BUR-045,Studio,Digital Lab,Bureau Privatif,88.8,141.47,268.8,56.35,1530.0,2880.0,5400.0,0.27,480,1,10,4,Bureau privé équipé tout confort,"{""delai_gratuit"": 72, ""frais_48h"": 0.5, ""frais_24h"": 1.0}",True,"[""La Rochelle"", ""Paris"", ""Remote""]","[""FR"", ""EN""]","[ServiceOption(option_id='OPT-1', nom_option='Support IT', description_option='Option Support IT', prix_ht=Decimal('90.00'), obligatoire=False, disponible_start=True, disponible_business=True, disponible_enterprise=True), ServiceOption(option_id='OPT-2', nom_option='Restauration', description_option='Option Restauration', prix_ht=Decimal('120.00'), obligatoire=False, disponible_start=True, disponible_business=True, disponible_enterprise=True), ServiceOption(option_id='OPT-3', nom_option='Conciergerie', description_option='Option Conciergerie', prix_ht=Decimal('150.00'), obligatoire=False, disponible_start=True, disponible_business=True, disponible_enterprise=True)]",59.11B
DIG-ESP-046,Studio,Digital Lab,Espace Coworking,81.47,129.6,259.2,55.66,1530.0,2880.0,5400.0,0.27,480,1,10,4,Espace de travail partagé avec services,"{""delai_gratuit"": 72, ""frais_48h"": 0.5, ""frais_24h"": 1.0}",True,"[""La Rochelle"", ""Paris"", ""Remote""]","[""FR"", ""EN""]","[ServiceOption(option_id='OPT-1', nom_option='Casier', description_option='Option Casier', prix_ht=Decimal('90.00'), obligatoire=False, disponible_start=True, disponible_business=True, disponible_enterprise=True), ServiceOption(option_id='OPT-2', nom_option='Impression', description_option='Option Impression', prix_ht=Decimal('120.00'), obligatoire=False, disponible_start=True, disponible_business=True, disponible_enterprise=True), ServiceOption(option_id='OPT-3', nom_option='Salle réunion', description_option='Option Salle réunion', prix_ht=Decimal('150.00'), obligatoire=False, disponible_start=True, disponible_business=True, disponible_enterprise=True)]",59.11B
DIG-LAB-047,Studio,Digital Lab,Lab Access Premium,3662.77,5920.0,10880.0,1896.0,51000.0,96000.0,180000.0,0.27,129600,1,10,4,Accès premium trimestriel au digital lab,"{""delai_gratuit"": 72, ""frais_48h"": 0.5, ""frais_24h"": 1.0}",True,"[""La Rochelle"", ""Paris"", ""Remote""]","[""FR"", ""EN""]","[ServiceOption(option_id='OPT-1', nom_option='Espace dédié', description_option='Option Espace dédié', prix_ht=Decimal('3000.00'), obligatoire=False, disponible_start=True, disponible_business=True, disponible_enterprise=True), ServiceOption(option_id='OPT-2', nom_option='Equipment pro', description_option='Option Equipment pro', prix_ht=Decimal('4000.00'), obligatoire=False, disponible_start=True, disponible_business=True, disponible_enterprise=True), ServiceOption(option_id='OPT-3', nom_option='Support 24/7', description_option='Option Support 24/7', prix_ht=Decimal('5000.00'), obligatoire=False, disponible_start=True, disponible_business=True, disponible_enterprise=True)]",59.11B
DIG-SAL-048,Studio,Digital Lab,Salle Connected,37.15,39.2,63.52,10.92,255.0,480.0,900.0,0.27,60,1,10,4,Salle de réunion équipée visioconférence,"{""delai_gratuit"": 72, ""frais_48h"": 0.5, ""frais_24h"": 1.0}",True,"[""La Rochelle"", ""Paris"", ""Remote""]","[""FR"", ""EN""]","[ServiceOption(option_id='OPT-1', nom_option='Captation', description_option='Option Captation', prix_ht=Decimal('15.00'), obligatoire=False, disponible_start=True, disponible_business=True, disponible_enterprise=True), ServiceOption(option_id='OPT-2', nom_option='Streaming', description_option='Option Streaming', prix_ht=Decimal('20.00'), obligatoire=False, disponible_start=True, disponible_business=True, disponible_enterprise=True), ServiceOption(option_id='OPT-3', nom_option='Support technique', description_option='Option Support technique', prix_ht=Decimal('25.00'), obligatoire=False, disponible_start=True, disponible_business=True, disponible_enterprise=True)]",59.11B
DIG-WEE-049,Studio,Digital Lab,Weekly Innovation Lab,259.6,771.53,1960.0,227.54,6375.0,12000.0,22500.0,0.27,2400,1,10,4,Accès lab innovation hebdomadaire,"{""delai_gratuit"": 72, ""frais_48h"": 0.5, ""frais_24h"": 1.0}",True,"[""La Rochelle"", ""Paris"", ""Remote""]","[""FR"", ""EN""]","[ServiceOption(option_id='OPT-1', nom_option='Dedicated Space', description_option='Option Dedicated Space', prix_ht=Decimal('375.00'), obligatoire=False, disponible_start=True, disponible_business=True, disponible_enterprise=True), ServiceOption(option_id='OPT-2', nom_option='Equipment', description_option='Option Equipment', prix_ht=Decimal('500.00'), obligatoire=False, disponible_start=True, disponible_business=True, disponible_enterprise=True), ServiceOption(option_id='OPT-3', nom_option='Expert Support', description_option='Option Expert Support', prix_ht=Decimal('625.00'), obligatoire=False, disponible_start=True, disponible_business=True, disponible_enterprise=True)]",59.11B
PRO-CRE-050,Studio,Production Contenu,Creative Week Package,259.6,666.28,1960.0,226.66,6375.0,12000.0,22500.0,0.27,2400,1,10,4,Package production hebdomadaire tout inclus,"{""delai_gratuit"": 72, ""frais_48h"": 0.5, ""frais_24h"": 1.0}",True,"[""La Rochelle"", ""Paris"", ""Remote""]","[""FR"", ""EN""]","[ServiceOption(option_id='OPT-1', nom_option='Multi-studio Access', description_option='Option Multi-studio Access', prix_ht=Decimal('375.00'), obligatoire=False, disponible_start=True, disponible_business=True, disponible_enterprise=True), ServiceOption(option_id='OPT-2', nom_option='Post-production', description_option='Option Post-production', prix_ht=Decimal('500.00'), obligatoire=False, disponible_start=True, disponible_business=True, disponible_enterprise=True), ServiceOption(option_id='OPT-3', nom_option='Distribution', description_option='Option Distribution', prix_ht=Decimal('625.00'), obligatoire=False, disponible_start=True, disponible_business=True, disponible_enterprise=True)]",59.11B
PRO-PHO-051,Studio,Production Contenu,Photo Production,163.58,535.15,696.0,169.2,4050.0,7650.0,14400.0,0.27,2400,1,10,4,Shooting photo professionnel avec post-production,"{""delai_gratuit"": 72, ""frais_48h"": 0.5, ""frais_24h"": 1.0}",True,"[""La Rochelle"", ""Paris"", ""Remote""]","[""FR"", ""EN""]","[ServiceOption(option_id='OPT-1', nom_option='Direction artistique', description_option='Option Direction artistique', prix_ht=Decimal('225.00'), obligatoire=False, disponible_start=True, disponible_business=True, disponible_enterprise=True), ServiceOption(option_id='OPT-2', nom_option='Stylisme', description_option='Option Stylisme', prix_ht=Decimal('300.00'), obligatoire=False, disponible_start=True, disponible_business=True, disponible_enterprise=True), ServiceOption(option_id='OPT-3', nom_option='Location', description_option='Option Location', prix_ht=Decimal('375.00'), obligatoire=False, disponible_start=True, disponible_business=True, disponible_enterprise=True)]",59.11B
PRO-POD-052,Studio,Production Contenu,Podcast Production,371.53,392.0,688.0,388.0,2700.0,5100.0,9600.0,0.27,480,1,10,4,Production podcast de A à Z avec montage,"{""delai_gratuit"": 72, ""frais_48h"": 0.5, ""frais_24h"": 1.0}",True,"[""La Rochelle"", ""Paris"", ""Remote""]","[""FR"", ""EN""]","[ServiceOption(option_id='OPT-1', nom_option='Sound design', description_option='Option Sound design', prix_ht=Decimal('150.00'), obligatoire=False, disponible_start=True, disponible_business=True, disponible_enterprise=True), ServiceOption(option_id='OPT-2', nom_option='Music licensing', description_option='Option Music licensing', prix_ht=Decimal('200.00'), obligatoire=False, disponible_start=True, disponible_business=True, disponible_enterprise=True), ServiceOption(option_id='OPT-3', nom_option='Distribution', description_option='Option Distribution', prix_ht=Decimal('250.00'), obligatoire=False, disponible_start=True, disponible_business=True, disponible_enterprise=True)]",59.11B
PRO-STU-053,Studio,Production Contenu,Studio Membership,771.47,1714.66,5880.0,677.54,19125.0,36000.0,67500.0,0.27,43200,1,10,4,Accès illimité aux studios en mensuel,"{""delai_gratuit"": 72, ""frais_48h"": 0.5, ""frais_24h"": 1.0}",True,"[""La Rochelle"", ""Paris"", ""Remote""]","[""FR"", ""EN""]","[ServiceOption(option_id='OPT-1', nom_option='Matériel pro', description_option='Option Matériel pro', prix_ht=Decimal('1125.00'), obligatoire=False, disponible_start=True, disponible_business=True, disponible_enterprise=True), ServiceOption(option_id='OPT-2', nom_option='Support technique', description_option='Option Support technique', prix_ht=Decimal('1500.00'), obligatoire=False, disponible_start=True, disponible_business=True, disponible_enterprise=True), ServiceOption(option_id='OPT-3', nom_option='Storage', description_option='Option Storage', prix_ht=Decimal('1875.00'), obligatoire=False, disponible_start=True, disponible_business=True, disponible_enterprise=True)]",59.11B
PRO-VID-054,Studio,Production Contenu,Video Production,263.58,753.99,3146.63,263.58,6750.0,12750.0,24000.0,0.27,4800,1,10,4,Production vidéo professionnelle complète,"{""delai_gratuit"": 72, ""frais_48h"": 0.5, ""frais_24h"": 1.0}",True,"[""La Rochelle"", ""Paris"", ""Remote""]","[""FR"", ""EN""]","[ServiceOption(option_id='OPT-1', nom_option='Drone', description_option='Option Drone', prix_ht=Decimal('375.00'), obligatoire=False, disponible_start=True, disponible_business=True, disponible_enterprise=True), ServiceOption(option_id='OPT-2', nom_option='Scénarisation', description_option='Option Scénarisation', prix_ht=Decimal('500.00'), obligatoire=False, disponible_start=True, disponible_business=True, disponible_enterprise=True), ServiceOption(option_id='OPT-3', nom_option='Motion design', description_option='Option Motion design', prix_ht=Decimal('625.00'), obligatoire=False, disponible_start=True, disponible_business=True, disponible_enterprise=True)]",59.11B
STU-STU-055,Studio,Studio Production,Studio Motion Design,175.0,37.35,95.4,175.0,472.5,892.5,1680.0,0.27,240,1,10,4,Studio animation et motion design,"{""delai_gratuit"": 72, ""frais_48h"": 0.5, ""frais_24h"": 1.0}",True,"[""La Rochelle"", ""Paris"", ""Remote""]","[""FR"", ""EN""]","[ServiceOption(option_id='OPT-1', nom_option='Station 3D', description_option='Option Station 3D', prix_ht=Decimal('0'), obligatoire=False, disponible_start=True, disponible_business=True, disponible_enterprise=True), ServiceOption(option_id='OPT-2', nom_option='Rendu', description_option='Option Rendu', prix_ht=Decimal('0'), obligatoire=False, disponible_start=True, disponible_business=True, disponible_enterprise=True), ServiceOption(option_id='OPT-3', nom_option='Experts motion', description_option='Option Experts motion', prix_ht=Decimal('0'), obligatoire=False, disponible_start=True, disponible_business=True, disponible_enterprise=True)]",59.11B
STU-STU-056,Studio,Studio Production,Studio Photo Pro,36.92,89.2,149.6,315.0,892.5,1680.0,3150.0,0.27,240,1,10,4,Studio photo professionnel tout équipé avec assistant,"{""delai_gratuit"": 72, ""frais_48h"": 0.5, ""frais_24h"": 1.0}",True,"[""La Rochelle"", ""Paris"", ""Remote""]","[""FR"", ""EN""]","[ServiceOption(option_id='OPT-1', nom_option='Assistant photo', description_option='Option Assistant photo', prix_ht=Decimal('52.50'), obligatoire=False, disponible_start=True, disponible_business=True, disponible_enterprise=True), ServiceOption(option_id='OPT-2', nom_option='Retouche', description_option='Option Retouche', prix_ht=Decimal('70.00'), obligatoire=False, disponible_start=True, disponible_business=True, disponible_enterprise=True), ServiceOption(option_id='OPT-3', nom_option='Location matériel', description_option='Option Location matériel', prix_ht=Decimal('87.50'), obligatoire=False, disponible_start=True, disponible_business=True, disponible_enterprise=True)]",59.11B
STU-STU-057,Studio,Studio Production,Studio Podcast,37.15,48.8,63.52,11.72,255.0,480.0,900.0,0.27,60,1,10,4,Studio d'enregistrement podcast avec ingénieur son,"{""delai_gratuit"": 72, ""frais_48h"": 0.5, ""frais_24h"": 1.0}",True,"[""La Rochelle"", ""Paris"", ""Remote""]","[""FR"", ""EN""]","[ServiceOption(option_id='OPT-1', nom_option='Mix et mastering', description_option='Option Mix et mastering', prix_ht=Decimal('15.00'), obligatoire=False, disponible_start=True, disponible_business=True, disponible_enterprise=True), ServiceOption(option_id='OPT-2', nom_option='Distribution', description_option='Option Distribution', prix_ht=Decimal('20.00'), obligatoire=False, disponible_start=True, disponible_business=True, disponible_enterprise=True), ServiceOption(option_id='OPT-3', nom_option='Promotion', description_option='Option Promotion', prix_ht=Decimal('25.00'), obligatoire=False, disponible_start=True, disponible_business=True, disponible_enterprise=True)]",59.11B
STU-STU-058,Studio,Studio Production,Studio Semester Access,3714.66,8357.65,16715.29,3166.63,89250.0,168000.0,315000.0,0.27,259200,1,10,4,Accès illimité studios sur 6 mois,"{""delai_gratuit"": 72, ""frais_48h"": 0.5, ""frais_24h"": 1.0}",True,"[""La Rochelle"", ""Paris"", ""Remote""]","[""FR"", ""EN""]","[ServiceOption(option_id='OPT-1', nom_option='Equipment Access', description_option='Option Equipment Access', prix_ht=Decimal('5250.00'), obligatoire=False, disponible_start=True, disponible_business=True, disponible_enterprise=True), ServiceOption(option_id='OPT-2', nom_option='Storage', description_option='Option Storage', prix_ht=Decimal('7000.00'), obligatoire=False, disponible_start=True, disponible_business=True, disponible_enterprise=True), ServiceOption(option_id='OPT-3', nom_option='Technical Support', description_option='Option Technical Support', prix_ht=Decimal('8750.00'), obligatoire=False, disponible_start=True, disponible_business=True, disponible_enterprise=True)]",59.11B
STU-STU-059,Studio,Studio Production,Studio Vidéo Pro,35.96,97.15,159.2,315.0,892.5,1680.0,3150.0,0.27,240,1,10,4,Studio vidéo avec régie et équipement broadcast,"{""delai_gratuit"": 72, ""frais_48h"": 0.5, ""frais_24h"": 1.0}",True,"[""La Rochelle"", ""Paris"", ""Remote""]","[""FR"", ""EN""]","[ServiceOption(option_id='OPT-1', nom_option='Réalisateur', description_option='Option Réalisateur', prix_ht=Decimal('52.50'), obligatoire=False, disponible_start=True, disponible_business=True, disponible_enterprise=True), ServiceOption(option_id='OPT-2', nom_option='Post-production', description_option='Option Post-production', prix_ht=Decimal('70.00'), obligatoire=False, disponible_start=True, disponible_business=True, disponible_enterprise=True), ServiceOption(option_id='OPT-3', nom_option='Distribution', description_option='Option Distribution', prix_ht=Decimal('87.50'), obligatoire=False, disponible_start=True, disponible_business=True, disponible_enterprise=True)]",59.11B
TEC-ANN-060,Studio,Tech Services,Annual Tech Partnership,8880.0,14146.63,24960.0,5535.76,153000.0,288000.0,540000.0,0.27,525600,1,10,4,Partnership technologique annuel,"{""delai_gratuit"": 72, ""frais_48h"": 0.5, ""frais_24h"": 1.0}",True,"[""La Rochelle"", ""Paris"", ""Remote""]","[""FR"", ""EN""]","[ServiceOption(option_id='OPT-1', nom_option='Maintenance', description_option='Option Maintenance', prix_ht=Decimal('9000.00'), obligatoire=False, disponible_start=True, disponible_business=True, disponible_enterprise=True), ServiceOption(option_id='OPT-2', nom_option='Upgrades', description_option='Option Upgrades', prix_ht=Decimal('12000.00'), obligatoire=False, disponible_start=True, disponible_business=True, disponible_enterprise=True), ServiceOption(option_id='OPT-3', nom_option='Support prioritaire', description_option='Option Support prioritaire', prix_ht=Decimal('15000.00'), obligatoire=False, disponible_start=True, disponible_business=True, disponible_enterprise=True)]",59.11B
TEC-CLO-061,Studio,Tech Services,Cloud Storage,778.8,1753.99,5539.92,676.66,19125.0,36000.0,67500.0,0.27,43200,1,10,4,Solution stockage cloud sécurisée,"{""delai_gratuit"": 72, ""frais_48h"": 0.5, ""frais_24h"": 1.0}",True,"[""La Rochelle"", ""Paris"", ""Remote""]","[""FR"", ""EN""]","[ServiceOption(option_id='OPT-1', nom_option='Backup', description_option='Option Backup', prix_ht=Decimal('1125.00'), obligatoire=False, disponible_start=True, disponible_business=True, disponible_enterprise=True), ServiceOption(option_id='OPT-2', nom_option='Synchronisation', description_option='Option Synchronisation', prix_ht=Decimal('1500.00'), obligatoire=False, disponible_start=True, disponible_business=True, disponible_enterprise=True), ServiceOption(option_id='OPT-3', nom_option='Support 24/7', description_option='Option Support 24/7', prix_ht=Decimal('1875.00'), obligatoire=False, disponible_start=True, disponible_business=True, disponible_enterprise=True)]",59.11B
TEC-EQU-062,Studio,Tech Services,Equipment Rental,76.63,145.4,263.52,54.96,1530.0,2880.0,5400.0,0.27,480,1,10,4,Location équipement audiovisuel professionnel,"{""delai_gratuit"": 72, ""frais_48h"": 0.5, ""frais_24h"": 1.0}",True,"[""La Rochelle"", ""Paris"", ""Remote""]","[""FR"", ""EN""]","[ServiceOption(option_id='OPT-1', nom_option='Technicien', description_option='Option Technicien', prix_ht=Decimal('90.00'), obligatoire=False, disponible_start=True, disponible_business=True, disponible_enterprise=True), ServiceOption(option_id='OPT-2', nom_option='Installation', description_option='Option Installation', prix_ht=Decimal('120.00'), obligatoire=False, disponible_start=True, disponible_business=True, disponible_enterprise=True), ServiceOption(option_id='OPT-3', nom_option='Transport', description_option='Option Transport', prix_ht=Decimal('150.00'), obligatoire=False, disponible_start=True, disponible_business=True, disponible_enterprise=True)]",59.11B
TEC-SUP-063,Studio,Tech Services,Support Tech Premium,37.15,47.15,49.6,11.15,255.0,480.0,900.0,0.27,60,1,10,4,Support technique personnalisé sur site,"{""delai_gratuit"": 72, ""frais_48h"": 0.5, ""frais_24h"": 1.0}",True,"[""La Rochelle"", ""Paris"", ""Remote""]","[""FR"", ""EN""]","[ServiceOption(option_id='OPT-1', nom_option='Formation', description_option='Option Formation', prix_ht=Decimal('15.00'), obligatoire=False, disponible_start=True, disponible_business=True, disponible_enterprise=True), ServiceOption(option_id='OPT-2', nom_option='Maintenance', description_option='Option Maintenance', prix_ht=Decimal('20.00'), obligatoire=False, disponible_start=True, disponible_business=True, disponible_enterprise=True), ServiceOption(option_id='OPT-3', nom_option='Upgrade matériel', description_option='Option Upgrade matériel', prix_ht=Decimal('25.00'), obligatoire=False, disponible_start=True, disponible_business=True, disponible_enterprise=True)]",59.11B
TEC-TEC-064,Studio,Tech Services,Tech Consulting,14.35,25.36,50.35,13.36,324.0,612.0,1152.0,0.27,120,1,10,4,Conseil et audit infrastructure tech,"{""delai_gratuit"": 72, ""frais_48h"": 0.5, ""frais_24h"": 1.0}",True,"[""La Rochelle"", ""Paris"", ""Remote""]","[""FR"", ""EN""]","[ServiceOption(option_id='OPT-1', nom_option='Audit sécurité', description_option='Option Audit sécurité', prix_ht=Decimal('0'), obligatoire=False, disponible_start=True, disponible_business=True, disponible_enterprise=True), ServiceOption(option_id='OPT-2', nom_option='Optimisation', description_option='Option Optimisation', prix_ht=Decimal('0'), obligatoire=False, disponible_start=True, disponible_business=True, disponible_enterprise=True), ServiceOption(option_id='OPT-3', nom_option=""Plan d'action"", description_option=""Option Plan d'action"", prix_ht=Decimal('0'), obligatoire=False, disponible_start=True, disponible_business=True, disponible_enterprise=True)]",59.11B
EVE-COR-065,Tourisme,Events,Corporate Package Mensuel,792.0,1335.76,2496.0,565.4,15300.0,28800.0,54000.0,0.27,43200,1,10,4,Package événementiel entreprise mensuel,"{""delai_gratuit"": 72, ""frais_48h"": 0.5, ""frais_24h"": 1.0}",True,"[""La Rochelle"", ""Paris"", ""Remote""]","[""FR"", ""EN""]","[ServiceOption(option_id='OPT-1', nom_option='Événements illimités', description_option='Option Événements illimités', prix_ht=Decimal('900.00'), obligatoire=False, disponible_start=True, disponible_business=True, disponible_enterprise=True), ServiceOption(option_id='OPT-2', nom_option='Staff dédié', description_option='Option Staff dédié', prix_ht=Decimal('1200.00'), obligatoire=False, disponible_start=True, disponible_business=True, disponible_enterprise=True), ServiceOption(option_id='OPT-3', nom_option='Tech support', description_option='Option Tech support', prix_ht=Decimal('1500.00'), obligatoire=False, disponible_start=True, disponible_business=True, disponible_enterprise=True)]",82.30Z
EVE-INN-066,Tourisme,Events,Innovation Hub,166.63,553.99,735.76,177.15,4050.0,7650.0,14400.0,0.27,480,1,10,4,Espace événementiel dédié innovation,"{""delai_gratuit"": 72, ""frais_48h"": 0.5, ""frais_24h"": 1.0}",True,"[""La Rochelle"", ""Paris"", ""Remote""]","[""FR"", ""EN""]","[ServiceOption(option_id='OPT-1', nom_option='Lab testing', description_option='Option Lab testing', prix_ht=Decimal('0'), obligatoire=False, disponible_start=True, disponible_business=True, disponible_enterprise=True), ServiceOption(option_id='OPT-2', nom_option='Prototypage', description_option='Option Prototypage', prix_ht=Decimal('0'), obligatoire=False, disponible_start=True, disponible_business=True, disponible_enterprise=True), ServiceOption(option_id='OPT-3', nom_option='Démonstrations', description_option='Option Démonstrations', prix_ht=Decimal('0'), obligatoire=False, disponible_start=True, disponible_business=True, disponible_enterprise=True)]",82.30Z
EVE-PRI-067,Tourisme,Events,Private Event Space,47.15,109.2,208.8,405.0,1147.5,2160.0,4050.0,0.27,480,1,10,4,Location espace événementiel premium,"{""delai_gratuit"": 72, ""frais_48h"": 0.5, ""frais_24h"": 1.0}",True,"[""La Rochelle"", ""Paris"", ""Remote""]","[""FR"", ""EN""]","[ServiceOption(option_id='OPT-1', nom_option='Traiteur', description_option='Option Traiteur', prix_ht=Decimal('67.50'), obligatoire=False, disponible_start=True, disponible_business=True, disponible_enterprise=True), ServiceOption(option_id='OPT-2', nom_option='Staff', description_option='Option Staff', prix_ht=Decimal('90.00'), obligatoire=False, disponible_start=True, disponible_business=True, disponible_enterprise=True), ServiceOption(option_id='OPT-3', nom_option='Équipement technique', description_option='Option Équipement technique', prix_ht=Decimal('112.50'), obligatoire=False, disponible_start=True, disponible_business=True, disponible_enterprise=True)]",82.30Z
EVE-SEA-068,Tourisme,Events,Seasonal Event Package,2666.28,7539.92,33515.1,2269.2,63750.0,120000.0,225000.0,0.27,259200,1,10,4,Package événementiel saisonnier,"{""delai_gratuit"": 72, ""frais_48h"": 0.5, ""frais_24h"": 1.0}",True,"[""La Rochelle"", ""Paris"", ""Remote""]","[""FR"", ""EN""]","[ServiceOption(option_id='OPT-1', nom_option='Venue Access', description_option='Option Venue Access', prix_ht=Decimal('3750.00'), obligatoire=False, disponible_start=True, disponible_business=True, disponible_enterprise=True), ServiceOption(option_id='OPT-2', nom_option='Staff', description_option='Option Staff', prix_ht=Decimal('5000.00'), obligatoire=False, disponible_start=True, disponible_business=True, disponible_enterprise=True), ServiceOption(option_id='OPT-3', nom_option='Tech Support', description_option='Option Tech Support', prix_ht=Decimal('6250.00'), obligatoire=False, disponible_start=True, disponible_business=True, disponible_enterprise=True)]",82.30Z
EVE-TEC-069,Tourisme,Events,Tech Conference Room,46.66,115.4,196.63,405.0,1147.5,2160.0,4050.0,0.27,480,1,10,4,Salle conférence équipement professionnel,"{""delai_gratuit"": 72, ""frais_48h"": 0.5, ""frais_24h"": 1.0}",True,"[""La Rochelle"", ""Paris"", ""Remote""]","[""FR"", ""EN""]","[ServiceOption(option_id='OPT-1', nom_option='Streaming', description_option='Option Streaming', prix_ht=Decimal('67.50'), obligatoire=False, disponible_start=True, disponible_business=True, disponible_enterprise=True), ServiceOption(option_id='OPT-2', nom_option='Recording', description_option='Option Recording', prix_ht=Decimal('90.00'), obligatoire=False, disponible_start=True, disponible_business=True, disponible_enterprise=True), ServiceOption(option_id='OPT-3', nom_option='Support technique', description_option='Option Support technique', prix_ht=Decimal('112.50'), obligatoire=False, disponible_start=True, disponible_business=True, disponible_enterprise=True)]",82.30Z
FOO-DIG-070,Tourisme,Food Tech,Digital Cooking Class,45.0,11.72,20.35,45.0,121.5,229.5,432.0,0.27,120,1,10,4,Cours de cuisine connecté avec chef,"{""delai_gratuit"": 72, ""frais_48h"": 0.5, ""frais_24h"": 1.0}",True,"[""La Rochelle"", ""Paris"", ""Remote""]","[""FR"", ""EN""]","[ServiceOption(option_id='OPT-1', nom_option='Kit ingrédients', description_option='Option Kit ingrédients', prix_ht=Decimal('0'), obligatoire=False, disponible_start=True, disponible_business=True, disponible_enterprise=True), ServiceOption(option_id='OPT-2', nom_option='Replay', description_option='Option Replay', prix_ht=Decimal('0'), obligatoire=False, disponible_start=True, disponible_business=True, disponible_enterprise=True), ServiceOption(option_id='OPT-3', nom_option='Support technique', description_option='Option Support technique', prix_ht=Decimal('0'), obligatoire=False, disponible_start=True, disponible_business=True, disponible_enterprise=True)]",82.30Z
FOO-SMA-071,Tourisme,Food Tech,Smart Restaurant,35.0,8.66,14.96,35.0,94.5,178.5,336.0,0.27,240,1,10,4,Restauration gastronomique connectée,"{""delai_gratuit"": 72, ""frais_48h"": 0.5, ""frais_24h"": 1.0}",True,"[""La Rochelle"", ""Paris"", ""Remote""]","[""FR"", ""EN""]","[ServiceOption(option_id='OPT-1', nom_option='Menu personnalisé', description_option='Option Menu personnalisé', prix_ht=Decimal('5.25'), obligatoire=False, disponible_start=True, disponible_business=True, disponible_enterprise=True), ServiceOption(option_id='OPT-2', nom_option='Service privé', description_option='Option Service privé', prix_ht=Decimal('7.00'), obligatoire=False, disponible_start=True, disponible_business=True, disponible_enterprise=True), ServiceOption(option_id='OPT-3', nom_option='Animation', description_option='Option Animation', prix_ht=Decimal('8.75'), obligatoire=False, disponible_start=True, disponible_business=True, disponible_enterprise=True)]",82.30Z
FOO-TEC-072,Tourisme,Food Tech,Tech Wine Tasting,6.92,23.58,36.63,5.96,135.0,255.0,480.0,0.27,120,1,10,4,Expérience œnologique avec NFT,"{""delai_gratuit"": 72, ""frais_48h"": 0.5, ""frais_24h"": 1.0}",True,"[""La Rochelle"", ""Paris"", ""Remote""]","[""FR"", ""EN""]","[ServiceOption(option_id='OPT-1', nom_option='Masterclass', description_option='Option Masterclass', prix_ht=Decimal('7.50'), obligatoire=False, disponible_start=True, disponible_business=True, disponible_enterprise=True), ServiceOption(option_id='OPT-2', nom_option='Dégustation privée', description_option='Option Dégustation privée', prix_ht=Decimal('10.00'), obligatoire=False, disponible_start=True, disponible_business=True, disponible_enterprise=True), ServiceOption(option_id='OPT-3', nom_option='NFT collector', description_option='Option NFT collector', prix_ht=Decimal('12.50'), obligatoire=False, disponible_start=True, disponible_business=True, disponible_enterprise=True)]",82.30Z
HÉB-GÎT-073,Tourisme,Hébergement Eco,Gîte Saint Joseph,11.15,20.35,37.36,11.15,243.0,459.0,864.0,0.27,240,1,10,4,Studio 25m² formule économique,"{""delai_gratuit"": 72, ""frais_48h"": 0.5, ""frais_24h"": 1.0}",True,"[""La Rochelle"", ""Paris"", ""Remote""]","[""FR"", ""EN""]","[ServiceOption(option_id='OPT-1', nom_option='Wifi', description_option='Option Wifi', prix_ht=Decimal('0'), obligatoire=False, disponible_start=True, disponible_business=True, disponible_enterprise=True), ServiceOption(option_id='OPT-2', nom_option='Ménage', description_option='Option Ménage', prix_ht=Decimal('0'), obligatoire=False, disponible_start=True, disponible_business=True, disponible_enterprise=True), ServiceOption(option_id='OPT-3', nom_option='Kit accueil', description_option='Option Kit accueil', prix_ht=Decimal('0'), obligatoire=False, disponible_start=True, disponible_business=True, disponible_enterprise=True)]",82.30Z
HÉB-GÎT-074,Tourisme,Hébergement Eco,Gîte Saint Marie,43.58,85.4,141.47,29.72,765.0,1440.0,2700.0,0.27,240,1,10,4,Hébergement économique tout équipé,"{""delai_gratuit"": 72, ""frais_48h"": 0.5, ""frais_24h"": 1.0}",True,"[""La Rochelle"", ""Paris"", ""Remote""]","[""FR"", ""EN""]","[ServiceOption(option_id='OPT-1', nom_option='Petit-déjeuner', description_option='Option Petit-déjeuner', prix_ht=Decimal('45.00'), obligatoire=False, disponible_start=True, disponible_business=True, disponible_enterprise=True), ServiceOption(option_id='OPT-2', nom_option='Ménage', description_option='Option Ménage', prix_ht=Decimal('60.00'), obligatoire=False, disponible_start=True, disponible_business=True, disponible_enterprise=True), ServiceOption(option_id='OPT-3', nom_option='Wifi', description_option='Option Wifi', prix_ht=Decimal('75.00'), obligatoire=False, disponible_start=True, disponible_business=True, disponible_enterprise=True)]",82.30Z
HÉB-GÎT-075,Tourisme,Hébergement Eco,Gîte Saint Pierre,10.36,20.54,38.54,11.35,243.0,459.0,864.0,0.27,240,1,10,4,Chambre 20m² formule économique,"{""delai_gratuit"": 72, ""frais_48h"": 0.5, ""frais_24h"": 1.0}",True,"[""La Rochelle"", ""Paris"", ""Remote""]","[""FR"", ""EN""]","[ServiceOption(option_id='OPT-1', nom_option='Wifi', description_option='Option Wifi', prix_ht=Decimal('0'), obligatoire=False, disponible_start=True, disponible_business=True, disponible_enterprise=True), ServiceOption(option_id='OPT-2', nom_option='Ménage basique', description_option='Option Ménage basique', prix_ht=Decimal('0'), obligatoire=False, disponible_start=True, disponible_business=True, disponible_enterprise=True), ServiceOption(option_id='OPT-3', nom_option='Services à la carte', description_option='Option Services à la carte', prix_ht=Decimal('0'), obligatoire=False, disponible_start=True, disponible_business=True, disponible_enterprise=True)]",82.30Z
HÉB-BUS-076,Tourisme,Hébergement Premium,Business Extended Stay,435.15,635.15,1071.53,203.52,5100.0,9600.0,18000.0,0.27,4800,1,10,4,Séjour business longue durée,"{""delai_gratuit"": 72, ""frais_48h"": 0.5, ""frais_24h"": 1.0}",True,"[""La Rochelle"", ""Paris"", ""Remote""]","[""FR"", ""EN""]","[ServiceOption(option_id='OPT-1', nom_option='Business services', description_option='Option Business services', prix_ht=Decimal('300.00'), obligatoire=False, disponible_start=True, disponible_business=True, disponible_enterprise=True), ServiceOption(option_id='OPT-2', nom_option='Room service', description_option='Option Room service', prix_ht=Decimal('400.00'), obligatoire=False, disponible_start=True, disponible_business=True, disponible_enterprise=True), ServiceOption(option_id='OPT-3', nom_option='Conciergerie 24/7', description_option='Option Conciergerie 24/7', prix_ht=Decimal('500.00'), obligatoire=False, disponible_start=True, disponible_business=True, disponible_enterprise=True)]",82.30Z
HÉB-COR-077,Tourisme,Hébergement Premium,Corporate Quarterly Stay,1596.0,3960.0,8880.0,1378.8,38250.0,72000.0,135000.0,0.27,129600,1,10,4,Programme hébergement corporate trimestriel,"{""delai_gratuit"": 72, ""frais_48h"": 0.5, ""frais_24h"": 1.0}",True,"[""La Rochelle"", ""Paris"", ""Remote""]","[""FR"", ""EN""]","[ServiceOption(option_id='OPT-1', nom_option='Business Services', description_option='Option Business Services', prix_ht=Decimal('2250.00'), obligatoire=False, disponible_start=True, disponible_business=True, disponible_enterprise=True), ServiceOption(option_id='OPT-2', nom_option='Events', description_option='Option Events', prix_ht=Decimal('3000.00'), obligatoire=False, disponible_start=True, disponible_business=True, disponible_enterprise=True), ServiceOption(option_id='OPT-3', nom_option='Concierge', description_option='Option Concierge', prix_ht=Decimal('3750.00'), obligatoire=False, disponible_start=True, disponible_business=True, disponible_enterprise=True)]",82.30Z
HÉB-GÎT-078,Tourisme,Hébergement Premium,Gîte Saint Bali,55.4,69.6,145.4,27.96,765.0,1440.0,2700.0,0.27,240,1,10,4,Gîte luxe avec prestations haut de gamme,"{""delai_gratuit"": 72, ""frais_48h"": 0.5, ""frais_24h"": 1.0}",True,"[""La Rochelle"", ""Paris"", ""Remote""]","[""FR"", ""EN""]","[ServiceOption(option_id='OPT-1', nom_option='Chef privé', description_option='Option Chef privé', prix_ht=Decimal('45.00'), obligatoire=False, disponible_start=True, disponible_business=True, disponible_enterprise=True), ServiceOption(option_id='OPT-2', nom_option='Spa', description_option='Option Spa', prix_ht=Decimal('60.00'), obligatoire=False, disponible_start=True, disponible_business=True, disponible_enterprise=True), ServiceOption(option_id='OPT-3', nom_option='Excursions', description_option='Option Excursions', prix_ht=Decimal('75.00'), obligatoire=False, disponible_start=True, disponible_business=True, disponible_enterprise=True)]",82.30Z
HÉB-GÎT-079,Tourisme,Hébergement Premium,Gîte Saint James PMR,43.58,76.63,143.52,29.88,765.0,1440.0,2700.0,0.27,240,1,10,4,Gîte accessible PMR avec services premium,"{""delai_gratuit"": 72, ""frais_48h"": 0.5, ""frais_24h"": 1.0}",True,"[""La Rochelle"", ""Paris"", ""Remote""]","[""FR"", ""EN""]","[ServiceOption(option_id='OPT-1', nom_option='Room service', description_option='Option Room service', prix_ht=Decimal('45.00'), obligatoire=False, disponible_start=True, disponible_business=True, disponible_enterprise=True), ServiceOption(option_id='OPT-2', nom_option='Conciergerie', description_option='Option Conciergerie', prix_ht=Decimal('60.00'), obligatoire=False, disponible_start=True, disponible_business=True, disponible_enterprise=True), ServiceOption(option_id='OPT-3', nom_option='Transport', description_option='Option Transport', prix_ht=Decimal('75.00'), obligatoire=False, disponible_start=True, disponible_business=True, disponible_enterprise=True)]",82.30Z
HÉB-GÎT-080,Tourisme,Hébergement Premium,Gîte Saint Laurent,48.8,49.6,103.52,43.52,540.0,1020.0,1920.0,0.27,240,1,10,4,Suite 80m² avec support numérique  avancée et home cinema,"{""delai_gratuit"": 72, ""frais_48h"": 0.5, ""frais_24h"": 1.0}",True,"[""La Rochelle"", ""Paris"", ""Remote""]","[""FR"", ""EN""]","[ServiceOption(option_id='OPT-1', nom_option='Smart Home Control', description_option='Option Smart Home Control', prix_ht=Decimal('0'), obligatoire=False, disponible_start=True, disponible_business=True, disponible_enterprise=True), ServiceOption(option_id='OPT-2', nom_option='Private Cinema', description_option='Option Private Cinema', prix_ht=Decimal('0'), obligatoire=False, disponible_start=True, disponible_business=True, disponible_enterprise=True), ServiceOption(option_id='OPT-3', nom_option='Tech Concierge', description_option='Option Tech Concierge', prix_ht=Decimal('0'), obligatoire=False, disponible_start=True, disponible_business=True, disponible_enterprise=True)]",82.30Z
HÉB-GÎT-081,Tourisme,Hébergement Standard,Gîte Saint Cloud,17.54,51.47,76.63,17.72,405.0,765.0,1440.0,0.27,240,1,10,4,Studio 35m² avec setup digital nomad premium,"{""delai_gratuit"": 72, ""frais_48h"": 0.5, ""frais_24h"": 1.0}",True,"[""La Rochelle"", ""Paris"", ""Remote""]","[""FR"", ""EN""]","[ServiceOption(option_id='OPT-1', nom_option='Dual Screens', description_option='Option Dual Screens', prix_ht=Decimal('0'), obligatoire=False, disponible_start=True, disponible_business=True, disponible_enterprise=True), ServiceOption(option_id='OPT-2', nom_option='Ergonomic Setup', description_option='Option Ergonomic Setup', prix_ht=Decimal('0'), obligatoire=False, disponible_start=True, disponible_business=True, disponible_enterprise=True), ServiceOption(option_id='OPT-3', nom_option='High-Speed Internet', description_option='Option High-Speed Internet', prix_ht=Decimal('0'), obligatoire=False, disponible_start=True, disponible_business=True, disponible_enterprise=True)]",82.30Z
HÉB-GÎT-082,Tourisme,Hébergement Standard,Gîte Saint Helene,53.52,83.52,141.47,27.96,765.0,1440.0,2700.0,0.27,240,1,10,4,Hébergement confort avec espace travail,"{""delai_gratuit"": 72, ""frais_48h"": 0.5, ""frais_24h"": 1.0}",True,"[""La Rochelle"", ""Paris"", ""Remote""]","[""FR"", ""EN""]","[ServiceOption(option_id='OPT-1', nom_option='Support IT', description_option='Option Support IT', prix_ht=Decimal('45.00'), obligatoire=False, disponible_start=True, disponible_business=True, disponible_enterprise=True), ServiceOption(option_id='OPT-2', nom_option='Restauration', description_option='Option Restauration', prix_ht=Decimal('60.00'), obligatoire=False, disponible_start=True, disponible_business=True, disponible_enterprise=True), ServiceOption(option_id='OPT-3', nom_option='Conciergerie', description_option='Option Conciergerie', prix_ht=Decimal('75.00'), obligatoire=False, disponible_start=True, disponible_business=True, disponible_enterprise=True)]",82.30Z
HÉB-GÎT-083,Tourisme,Hébergement Standard,Gîte Saint Martin,17.88,46.63,73.58,16.92,405.0,765.0,1440.0,0.27,240,1,10,4,Studio 30m² avec espace bureau connecté,"{""delai_gratuit"": 72, ""frais_48h"": 0.5, ""frais_24h"": 1.0}",True,"[""La Rochelle"", ""Paris"", ""Remote""]","[""FR"", ""EN""]","[ServiceOption(option_id='OPT-1', nom_option='Service petit-déjeuner', description_option='Option Service petit-déjeuner', prix_ht=Decimal('0'), obligatoire=False, disponible_start=True, disponible_business=True, disponible_enterprise=True), ServiceOption(option_id='OPT-2', nom_option='Conciergerie digitale', description_option='Option Conciergerie digitale', prix_ht=Decimal('0'), obligatoire=False, disponible_start=True, disponible_business=True, disponible_enterprise=True), ServiceOption(option_id='OPT-3', nom_option='Support IT', description_option='Option Support IT', prix_ht=Decimal('0'), obligatoire=False, disponible_start=True, disponible_business=True, disponible_enterprise=True)]",82.30Z
WEL-ANN-084,Tourisme,Wellness Digital,Annual Wellness Program,4735.15,9960.0,20715.29,4073.52,114750.0,216000.0,405000.0,0.27,525600,1,10,4,Programme bien-être digital annuel,"{""delai_gratuit"": 72, ""frais_48h"": 0.5, ""frais_24h"": 1.0}",True,"[""La Rochelle"", ""Paris"", ""Remote""]","[""FR"", ""EN""]","[ServiceOption(option_id='OPT-1', nom_option='Personal Coach', description_option='Option Personal Coach', prix_ht=Decimal('6750.00'), obligatoire=False, disponible_start=True, disponible_business=True, disponible_enterprise=True), ServiceOption(option_id='OPT-2', nom_option='Digital Detox', description_option='Option Digital Detox', prix_ht=Decimal('9000.00'), obligatoire=False, disponible_start=True, disponible_business=True, disponible_enterprise=True), ServiceOption(option_id='OPT-3', nom_option='Nutrition Plan', description_option='Option Nutrition Plan', prix_ht=Decimal('11250.00'), obligatoire=False, disponible_start=True, disponible_business=True, disponible_enterprise=True)]",82.30Z
WEL-DIG-085,Tourisme,Wellness Digital,Digital Detox Room,27.35,77.15,266.28,225.0,637.5,1200.0,2250.0,0.27,240,1,10,4,Espace détente numérique supervisé,"{""delai_gratuit"": 72, ""frais_48h"": 0.5, ""frais_24h"": 1.0}",True,"[""La Rochelle"", ""Paris"", ""Remote""]","[""FR"", ""EN""]","[ServiceOption(option_id='OPT-1', nom_option='Coaching', description_option='Option Coaching', prix_ht=Decimal('37.50'), obligatoire=False, disponible_start=True, disponible_business=True, disponible_enterprise=True), ServiceOption(option_id='OPT-2', nom_option='Massage', description_option='Option Massage', prix_ht=Decimal('50.00'), obligatoire=False, disponible_start=True, disponible_business=True, disponible_enterprise=True), ServiceOption(option_id='OPT-3', nom_option='Nutrition', description_option='Option Nutrition', prix_ht=Decimal('62.50'), obligatoire=False, disponible_start=True, disponible_business=True, disponible_enterprise=True)]",82.30Z
WEL-DIG-086,Tourisme,Wellness Digital,Digital Wellness Workshop,16.92,58.8,76.63,17.54,405.0,765.0,1440.0,0.27,180,1,10,4,Atelier bien-être numérique en groupe,"{""delai_gratuit"": 72, ""frais_48h"": 0.5, ""frais_24h"": 1.0}",True,"[""La Rochelle"", ""Paris"", ""Remote""]","[""FR"", ""EN""]","[ServiceOption(option_id='OPT-1', nom_option='Support personnalisé', description_option='Option Support personnalisé', prix_ht=Decimal('0'), obligatoire=False, disponible_start=True, disponible_business=True, disponible_enterprise=True), ServiceOption(option_id='OPT-2', nom_option='Matériel', description_option='Option Matériel', prix_ht=Decimal('0'), obligatoire=False, disponible_start=True, disponible_business=True, disponible_enterprise=True), ServiceOption(option_id='OPT-3', nom_option='Suivi post-formation', description_option='Option Suivi post-formation', prix_ht=Decimal('0'), obligatoire=False, disponible_start=True, disponible_business=True, disponible_enterprise=True)]",82.30Z
WEL-MIN-087,Tourisme,Wellness Digital,Mindful Tech Session,14.88,25.92,50.54,14.15,324.0,612.0,1152.0,0.27,120,1,10,4,Session bien-être et digital détox,"{""delai_gratuit"": 72, ""frais_48h"": 0.5, ""frais_24h"": 1.0}",True,"[""La Rochelle"", ""Paris"", ""Remote""]","[""FR"", ""EN""]","[ServiceOption(option_id='OPT-1', nom_option='Consultation', description_option='Option Consultation', prix_ht=Decimal('18.00'), obligatoire=False, disponible_start=True, disponible_business=True, disponible_enterprise=True), ServiceOption(option_id='OPT-2', nom_option='Suivi', description_option='Option Suivi', prix_ht=Decimal('24.00'), obligatoire=False, disponible_start=True, disponible_business=True, disponible_enterprise=True), ServiceOption(option_id='OPT-3', nom_option='Documentation', description_option='Option Documentation', prix_ht=Decimal('30.00'), obligatoire=False, disponible_start=True, disponible_business=True, disponible_enterprise=True)]",82.30Z
WEL-WEL-088,Tourisme,Wellness Digital,Wellness Retreat,453.99,688.0,966.28,193.58,5100.0,9600.0,18000.0,0.27,2400,1,10,4,Retraite bien-être numérique,"{""delai_gratuit"": 72, ""frais_48h"": 0.5, ""frais_24h"": 1.0}",True,"[""La Rochelle"", ""Paris"", ""Remote""]","[""FR"", ""EN""]","[ServiceOption(option_id='OPT-1', nom_option='Coaching', description_option='Option Coaching', prix_ht=Decimal('300.00'), obligatoire=False, disponible_start=True, disponible_business=True, disponible_enterprise=True), ServiceOption(option_id='OPT-2', nom_option='Nutrition', description_option='Option Nutrition', prix_ht=Decimal('400.00'), obligatoire=False, disponible_start=True, disponible_business=True, disponible_enterprise=True), ServiceOption(option_id='OPT-3', nom_option='Activités', description_option='Option Activités', prix_ht=Decimal('500.00'), obligatoire=False, disponible_start=True, disponible_business=True, disponible_enterprise=True)]",82.30Z
